slug,date,patreon,opencollective
IonicaBizau/WebpAgent,2017-01-01 00:00:00,1,0
IonicaBizau/url-remote,2017-01-01 00:00:00,1,0
NorthernSec/CVE-Scan,2017-04-01 00:00:00,1,0
majkinetor/au,2018-04-01 00:00:00,1,0
droboports/fuse,2016-01-01 00:00:00,1,0
WeAthFoLD/MetaSprite,2018-06-01 00:00:00,1,0
IonicaBizau/formatoid,2017-01-01 00:00:00,1,0
jessemillar/darkest-moon,2018-01-01 00:00:00,1,0
CachetHQ/Cachet,2016-04-01 00:00:00,1,0
balupton/bal-util,2016-06-01 00:00:00,1,0
pmmp/PocketMine-MP,2018-07-01 00:00:00,1,0
IonicaBizau/node-w-json,2017-01-01 00:00:00,1,0
IonicaBizau/class-methods,2017-01-01 00:00:00,1,0
IonicaBizau/3x3-equation-solver,2017-01-01 00:00:00,1,0
jamesmontemagno/MediaPlugin,2017-12-01 00:00:00,1,0
extcode/cart,2017-06-01 00:00:00,1,0
IonicaBizau/jQuery-language-select,2017-01-01 00:00:00,1,0
Akryum/vue-virtual-scroller,2018-06-01 00:00:00,1,0
scalda/Survival-Stories-3,2018-05-01 00:00:00,1,0
shd101wyy/markdown-preview-enhanced,2017-07-01 00:00:00,1,0
IonicaBizau/try-async,2017-01-01 00:00:00,1,0
jaredhanson/oauth2orize-fprm,2018-03-01 00:00:00,1,0
scalda/Hermit-Quest,2018-05-01 00:00:00,1,0
IonicaBizau/xhr-form-submitter,2017-01-01 00:00:00,1,0
IonicaBizau/gif-recorder,2017-01-01 00:00:00,1,0
IonicaBizau/gridly,2017-01-01 00:00:00,1,0
spatie/phpunit-snapshot-assertions,2017-12-01 00:00:00,1,0
IonicaBizau/node-ttsro,2017-01-01 00:00:00,1,0
bevry/typechecker,2016-06-01 00:00:00,1,0
IonicaBizau/text-to-speech,2017-01-01 00:00:00,1,0
bevry/cson,2016-06-01 00:00:00,1,0
IonicaBizau/lwipify,2017-01-01 00:00:00,1,0
jaredhanson/oauth2orize-device-code,2018-03-01 00:00:00,1,0
IonicaBizau/test-youtube-api,2017-01-01 00:00:00,1,0
IonicaBizau/json2md,2017-01-01 00:00:00,1,0
sindresorhus/pageres,2017-12-01 00:00:00,1,0
IonicaBizau/github-calendar,2017-01-01 00:00:00,1,0
derhuerst/algorithmic-vomit,2018-03-01 00:00:00,1,0
makyo/patrons.drab-makyo.com,2018-07-01 00:00:00,1,0
scalda/Survival-Stories-2,2018-05-01 00:00:00,1,0
funkypenguin/htpc-cron,2017-10-01 00:00:00,1,0
IonicaBizau/cute-logger,2017-01-01 00:00:00,1,0
spatie/laravel-translatable,2017-12-01 00:00:00,1,0
derhuerst/flickr-photo-url,2018-03-01 00:00:00,1,0
coreybutler/fenix,2017-01-01 00:00:00,1,0
City-busz/city-repository,2018-02-01 00:00:00,1,0
jaredhanson/passport-google-oauth2,2018-03-01 00:00:00,1,0
spatie/laravel-fractal,2017-12-01 00:00:00,1,0
spatie/laravel-google-calendar,2017-12-01 00:00:00,1,0
ianyh/Amethyst,2016-01-01 00:00:00,1,0
IonicaBizau/anything-for-dummies,2017-01-01 00:00:00,1,0
thlorenz/replpad,2018-01-01 00:00:00,1,0
purcell/flycheck-ledger,2017-10-01 00:00:00,1,0
Bionus/imgbrd-grabber,2018-01-01 00:00:00,1,0
baedert/corebird,2017-04-01 00:00:00,1,0
derhuerst/vbb-lines-at,2018-03-01 00:00:00,1,0
spatie/laravel-uptime-monitor,2017-12-01 00:00:00,1,0
c3nav/c3nav,2017-04-01 00:00:00,1,0
hydrusnetwork/hydrus,2016-05-01 00:00:00,1,0
IonicaBizau/node-git-repos,2017-01-01 00:00:00,1,0
IonicaBizau/love-you,2017-01-01 00:00:00,1,0
buttplugio/buttplug-csharp,2018-05-01 00:00:00,1,0
spatie/pdf-to-image,2017-12-01 00:00:00,1,0
juliangruber/async-stream,2018-03-01 00:00:00,1,0
derhuerst/vbb-stations-autocomplete,2018-03-01 00:00:00,1,0
IonicaBizau/node-ansi-parser,2017-01-01 00:00:00,1,0
dafer45/TBTK,2018-07-01 00:00:00,1,0
mcmonkeyprojects/Sentinel,2017-12-01 00:00:00,1,0
IonicaBizau/github-calendar-parser,2017-01-01 00:00:00,1,0
sindresorhus/load-grunt-tasks,2017-12-01 00:00:00,1,0
derhuerst/hafas-monitor-departures,2018-03-01 00:00:00,1,0
Godson777/KekBot,2018-06-01 00:00:00,1,0
jaredhanson/oauth2orize-redelegate,2018-03-01 00:00:00,1,0
drecken/twitchsubscribers.com,2018-07-01 00:00:00,1,0
buttplugio/buttplug,2018-05-01 00:00:00,1,0
metafetish/lovesense-js,2018-05-01 00:00:00,1,0
spatie/laravel-link-checker,2017-12-01 00:00:00,1,0
cogdog/tru-collector,2018-01-01 00:00:00,1,0
IonicaBizau/node-is-there,2017-01-01 00:00:00,1,0
IonicaBizau/emoji-names,2017-01-01 00:00:00,1,0
IonicaBizau/bag.css,2017-01-01 00:00:00,1,0
thlorenz/hhp,2018-01-01 00:00:00,1,0
IonicaBizau/cross-style.js,2017-01-01 00:00:00,1,0
pH7Software/pH7Builder,2018-06-01 00:00:00,1,0
brussell98/Mirai,2016-11-01 00:00:00,1,0
framework7io/framework7-plugin-feeds,2016-10-01 00:00:00,1,0
spatie/laravel-server-monitor,2017-12-01 00:00:00,1,0
IonicaBizau/medium-editor-markdown,2017-01-01 00:00:00,1,0
IonicaBizau/github-emoji-form-submit,2017-01-01 00:00:00,1,0
gcamrit/laravel-capistrano,2018-07-01 00:00:00,1,0
IonicaBizau/electronify,2017-01-01 00:00:00,1,0
Miouyouyou/RockMyy-Build,2018-07-01 00:00:00,1,0
IonicaBizau/ansi-to-json,2017-01-01 00:00:00,1,0
ipselon/structor,2017-05-01 00:00:00,1,0
framework7io/framework7,2016-10-01 00:00:00,1,0
IonicaBizau/image-to-ascii,2017-01-01 00:00:00,1,0
clj-commons/citrus,2018-02-01 00:00:00,1,0
IonicaBizau/repository-downloader,2017-01-01 00:00:00,1,0
IonicaBizau/exclude-arr,2017-01-01 00:00:00,1,0
IonicaBizau/numberly,2017-01-01 00:00:00,1,0
derhuerst/vbb-stations,2018-03-01 00:00:00,1,0
VBA-tools/vba-test,2018-08-01 00:00:00,1,0
spatie/once,2017-12-01 00:00:00,1,0
volundmush/mushcode,2017-11-01 00:00:00,1,0
IonicaBizau/lwip2,2017-01-01 00:00:00,1,0
Alex-D/Cookies-EU-banner,2017-12-01 00:00:00,1,0
derhuerst/vbb-stations-cli,2018-03-01 00:00:00,1,0
IonicaBizau/OctiMatch,2017-01-01 00:00:00,1,0
Rmalnoult/Laravel-Boilerplate,2018-07-01 00:00:00,1,0
simongeilfus/Cinder-ImGui,2015-08-01 00:00:00,1,0
derhuerst/vbb-short-station-name,2018-03-01 00:00:00,1,0
jaredhanson/passport,2018-03-01 00:00:00,1,0
AznStevy/Maybe-Useful-Cogs,2017-05-01 00:00:00,1,0
foonathan/memory,2017-11-01 00:00:00,1,0
IonicaBizau/sort-github-user-repos,2017-01-01 00:00:00,1,0
sindresorhus/pageres-cli,2017-12-01 00:00:00,1,0
IonicaBizau/Color-Puzzle,2017-01-01 00:00:00,1,0
IonicaBizau/git-stats,2017-01-01 00:00:00,1,0
IonicaBizau/github-profile-languages,2017-01-01 00:00:00,1,0
IonicaBizau/emoji-chars,2017-01-01 00:00:00,1,0
spatie/skeleton-php,2017-12-01 00:00:00,1,0
derhuerst/keep-sequences-stream,2018-03-01 00:00:00,1,0
ThePhD/sol2,2018-08-01 00:00:00,1,0
IonicaBizau/pkg.json,2017-01-01 00:00:00,1,0
Jahed/grunt-jsv,2016-04-01 00:00:00,1,0
LambdaInnovation/AcademyCraft,2018-06-01 00:00:00,1,0
derhuerst/tcp-over-websockets,2018-03-01 00:00:00,1,0
bevry/extract-opts,2016-06-01 00:00:00,1,0
riking/AutoDelete,2018-04-01 00:00:00,1,0
HaxeFlixel/flixel,2015-08-01 00:00:00,1,0
moleculerjs/moleculer,2018-03-01 00:00:00,1,0
deg0nz/MMM-PublicTransportBerlin,2018-03-01 00:00:00,1,0
spatie/radiorarefish.be,2018-07-01 00:00:00,1,0
colyseus/colyseus-unity3d,2017-10-01 00:00:00,1,0
plexus/chestnut,2016-07-01 00:00:00,1,0
WayofTime/BloodMagic,2015-08-01 00:00:00,1,0
FredrikNoren/ungit,2018-01-01 00:00:00,1,0
spatie/laravel-feed,2017-12-01 00:00:00,1,0
docpad/docpad-plugin-livereload,2016-06-01 00:00:00,1,0
IonicaBizau/learning-nodejs,2017-01-01 00:00:00,1,0
retorquere/zotero-better-bibtex,2018-01-01 00:00:00,1,0
derhuerst/avion,2018-03-01 00:00:00,1,0
derhuerst/svg-patterns,2018-03-01 00:00:00,1,0
purcell/list-unicode-display,2017-10-01 00:00:00,1,0
zxz054321/laravel4china,2018-07-01 00:00:00,1,0
bit101/CodingMath,2015-08-01 00:00:00,1,0
purcell/ac-slime,2017-10-01 00:00:00,1,0
spatie/fractalistic,2017-12-01 00:00:00,1,0
roman01la/html-to-react-components,2018-02-01 00:00:00,1,0
bevry/textextensions,2016-06-01 00:00:00,1,0
sindresorhus/awesome-electron,2017-12-01 00:00:00,1,0
cedricziel/idea-php-typo3-plugin,2018-02-01 00:00:00,1,0
gettalong/kramdown,2016-12-01 00:00:00,1,0
mchorse/blockbuster,2018-07-01 00:00:00,1,0
thlorenz/proxyquire,2018-01-01 00:00:00,1,0
IonicaBizau/emojic,2017-01-01 00:00:00,1,0
zdharma/history-search-multi-word,2018-05-01 00:00:00,1,0
IonicaBizau/learning-c-sharp,2017-01-01 00:00:00,1,0
bevry/istextorbinary,2016-06-01 00:00:00,1,0
FreezingMoon/AncientBeast,2016-12-01 00:00:00,1,0
purcell/package-lint,2017-10-01 00:00:00,1,0
IonicaBizau/reset-your-facebook-account,2017-01-01 00:00:00,1,0
MoePlayer/DPlayer,2018-06-01 00:00:00,1,0
georgringer/news,2018-02-01 00:00:00,1,0
JesBrian/Music-House-Backstage-Laravel,2018-07-01 00:00:00,1,0
mopemope/meghanada-server,2018-07-01 00:00:00,1,0
dawoe/umbraco-nexu,2018-05-01 00:00:00,1,0
rustsim/nphysics,2017-09-01 00:00:00,1,0
spatie/laravel-slack-slash-command,2017-12-01 00:00:00,1,0
hovancik/BSDSec,2017-11-01 00:00:00,1,0
PHLAK/lifx-client,2018-08-01 00:00:00,1,0
IonicaBizau/pixel-white-bg,2017-01-01 00:00:00,1,0
IonicaBizau/baccalaureate-computer-science,2017-01-01 00:00:00,1,0
IonicaBizau/pixel-bg,2017-01-01 00:00:00,1,0
IonicaBizau/is-undefined,2017-01-01 00:00:00,1,0
bevry/ambi,2016-06-01 00:00:00,1,0
Railcraft/Railcraft,2015-08-01 00:00:00,1,0
mubaidr/vue-fluent,2018-06-01 00:00:00,1,0
RPCS3/rpcs3,2017-01-01 00:00:00,1,0
Miouyouyou/rockchip-vcodec,2018-07-01 00:00:00,1,0
IonicaBizau/typpy,2017-01-01 00:00:00,1,0
derhuerst/boilerplate,2018-03-01 00:00:00,1,0
IonicaBizau/rucksack,2017-01-01 00:00:00,1,0
IonicaBizau/js-templates,2017-01-01 00:00:00,1,0
IonicaBizau/Guess-Your-Number,2017-01-01 00:00:00,1,0
metafetish/syncydink,2018-05-01 00:00:00,1,0
copleykj/socialize-friendships,2018-05-01 00:00:00,1,0
purcell/disable-mouse,2017-10-01 00:00:00,1,0
IonicaBizau/phantom-jquery,2017-01-01 00:00:00,1,0
nick123pig/ismetroonfire,2016-12-01 00:00:00,1,0
sindresorhus/gulp-autoprefixer,2017-12-01 00:00:00,1,0
mchorse/aperture,2018-07-01 00:00:00,1,0
jvm-graphics-labs/modern-jogl-examples,2017-12-01 00:00:00,1,0
Messhias/ProductCatalog,2018-07-01 00:00:00,1,0
meteor-vue/vue-meteor-tracker,2018-06-01 00:00:00,1,0
IonicaBizau/parse-path,2017-01-01 00:00:00,1,0
nathanaela/nativescript-signalr,2018-02-01 00:00:00,1,0
IonicaBizau/name-it,2017-01-01 00:00:00,1,0
IonicaBizau/modulo-n,2017-01-01 00:00:00,1,0
IonicaBizau/joapp,2017-01-01 00:00:00,1,0
IonicaBizau/clone-date,2017-01-01 00:00:00,1,0
laravelista/Ekko,2018-07-01 00:00:00,1,0
elibtronic/lis_grievances,2018-02-01 00:00:00,1,0
roman01la/webpack-closure-compiler,2018-02-01 00:00:00,1,0
purcell/osx-location,2017-10-01 00:00:00,1,0
spatie/laravel-failed-job-monitor,2017-12-01 00:00:00,1,0
spatie/laravel-missing-page-redirector,2017-12-01 00:00:00,1,0
spatie/laravel-twitter-streaming-api,2017-12-01 00:00:00,1,0
spatie/last-fm-now-playing,2017-12-01 00:00:00,1,0
joshuaulrich/xts,2018-01-01 00:00:00,1,0
IonicaBizau/prgm-installed,2017-01-01 00:00:00,1,0
IonicaBizau/sunset-year,2017-01-01 00:00:00,1,0
IonicaBizau/gh-repos,2017-01-01 00:00:00,1,0
IonicaBizau/gm-tools,2017-01-01 00:00:00,1,0
IonicaBizau/bizasm,2017-01-01 00:00:00,1,0
spatie/laravel-sitemap,2017-12-01 00:00:00,1,0
Miouyouyou/Android-GoogleMap-Kotlin-Example,2018-07-01 00:00:00,1,0
acrobotic/Ai_Tips_ESP8266,2018-03-01 00:00:00,1,0
Rayzr522/DecoHeads,2017-04-01 00:00:00,1,0
bevry/hostenv,2016-06-01 00:00:00,1,0
IonicaBizau/emoji-logger,2017-01-01 00:00:00,1,0
meteor-vue/vue-meteor,2018-06-01 00:00:00,1,0
derhuerst/osm-flatten-relation,2018-03-01 00:00:00,1,0
zdharma/fast-syntax-highlighting,2018-05-01 00:00:00,1,0
swapagarwal/JARVIS-on-Messenger,2018-08-01 00:00:00,1,0
bevry/website,2016-06-01 00:00:00,1,0
assimp/assimp,2017-04-01 00:00:00,1,0
IonicaBizau/donate.js,2017-01-01 00:00:00,1,0
sscarduzio/elasticsearch-readonlyrest-plugin,2016-10-01 00:00:00,1,0
cogdog/wp-posts2csv,2018-01-01 00:00:00,1,0
bowmansir/laravel-acl,2018-07-01 00:00:00,1,0
jahed/agility,2016-04-01 00:00:00,1,0
spatie/laravel-partialcache,2017-12-01 00:00:00,1,0
spatie/laravel-googletagmanager,2017-12-01 00:00:00,1,0
AniTrend/anitrend-app,2018-04-01 00:00:00,1,0
skullface/design-resources,2018-05-01 00:00:00,1,0
IonicaBizau/namy,2017-01-01 00:00:00,1,0
naomiaro/waveform-playlist,2018-06-01 00:00:00,1,0
corkami/pics,2016-09-01 00:00:00,1,0
IonicaBizau/tinyreq,2017-01-01 00:00:00,1,0
NathanaelA/nativescript-tracing,2018-02-01 00:00:00,1,0
cogdog/simple-ipsum,2018-01-01 00:00:00,1,0
koute/stdweb,2018-02-01 00:00:00,1,0
derhuerst/generate-db-shop-urls,2018-03-01 00:00:00,1,0
IonicaBizau/vocal-exercises,2017-01-01 00:00:00,1,0
nathanaela/nativescript-tracing,2018-02-01 00:00:00,1,0
dumbgamedev/thirdpersoncontroller_playmaker,2018-04-01 00:00:00,1,0
magit/magit,2016-01-01 00:00:00,1,0
derhuerst/db-hafas,2018-03-01 00:00:00,1,0
rubocop-hq/rubocop,2017-12-01 00:00:00,1,0
derhuerst/cli-styles,2018-03-01 00:00:00,1,0
IonicaBizau/exec-limiter,2017-01-01 00:00:00,1,0
spatie/laravel-menu,2017-12-01 00:00:00,1,0
jaunt-lang/jaunt,2017-05-01 00:00:00,1,0
acrobotic/Ai_Ardulib_SSD1306,2018-03-01 00:00:00,1,0
Akryum/v-tooltip,2018-06-01 00:00:00,1,0
IonicaBizau/regex-emoji,2017-01-01 00:00:00,1,0
IonicaBizau/node-jsfiddle,2017-01-01 00:00:00,1,0
IonicaBizau/date-unit-ms,2017-01-01 00:00:00,1,0
IonicaBizau/node-fwatcher,2017-01-01 00:00:00,1,0
MrColdbird/aemu,2016-01-01 00:00:00,1,0
IonicaBizau/text-to-speech-js,2017-01-01 00:00:00,1,0
pattern-lab/patternlab-node,2017-11-01 00:00:00,1,0
spatie/url,2017-12-01 00:00:00,1,0
derhuerst/vbb-monitor,2018-03-01 00:00:00,1,0
framework7io/framework7-plugin-3d-panels,2016-10-01 00:00:00,1,0
IonicaBizau/github-labeller,2017-01-01 00:00:00,1,0
IonicaBizau/gh-following,2017-01-01 00:00:00,1,0
mmckegg/loop-drop-app,2016-05-01 00:00:00,1,0
sobri909/LocoKit,2018-06-01 00:00:00,1,0
IonicaBizau/jsonrequest,2017-01-01 00:00:00,1,0
jaredhanson/fingro-webfinger,2018-03-01 00:00:00,1,0
serge-rgb/milton,2016-08-01 00:00:00,1,0
itemsets/vue2,2018-04-01 00:00:00,1,0
KirkMcDonald/kirkmcdonald.github.io,2018-03-01 00:00:00,1,0
gecko0307/dagon-demo,2018-05-01 00:00:00,1,0
droboports/fsx,2016-01-01 00:00:00,1,0
bpineda/landon_app,2018-07-01 00:00:00,1,0
IonicaBizau/queoid,2017-01-01 00:00:00,1,0
spatie/valuestore,2017-12-01 00:00:00,1,0
bevry/joe,2016-06-01 00:00:00,1,0
copleykj/socialize-likeable,2018-05-01 00:00:00,1,0
thlorenz/peacock,2018-01-01 00:00:00,1,0
joequant/bitquant,2016-08-01 00:00:00,1,0
JustArchiNET/ArchiSteamFarm,2017-05-01 00:00:00,1,0
IonicaBizau/utils,2017-01-01 00:00:00,1,0
sindresorhus/conf,2017-12-01 00:00:00,1,0
vuetifyjs/vuetify,2017-10-01 00:00:00,1,0
MargoTavares/hair-salon,2018-07-01 00:00:00,1,0
derhuerst/os-x-contacts,2018-03-01 00:00:00,1,0
glutanimate/image-occlusion-enhanced,2017-10-01 00:00:00,1,0
Bstaru/MyK-World,2018-07-01 00:00:00,1,0
nzakas/understandinges6,2016-01-01 00:00:00,1,0
bevry/taskgroup,2016-06-01 00:00:00,1,0
IonicaBizau/html-encoder-decoder,2017-01-01 00:00:00,1,0
IonicaBizau/diff-dates,2017-01-01 00:00:00,1,0
IonicaBizau/is-percent,2017-01-01 00:00:00,1,0
Arthmoor/QSF-Portal,2017-12-01 00:00:00,1,0
IonicaBizau/rucksack.js,2017-01-01 00:00:00,1,0
IonicaBizau/mini-lightbox,2017-01-01 00:00:00,1,0
Openarl/PathOfBuilding,2017-04-01 00:00:00,1,0
IonicaBizau/tester,2017-01-01 00:00:00,1,0
bevry/badges,2016-06-01 00:00:00,1,0
WohlSoft/PGE-Project,2016-01-01 00:00:00,1,0
supertriodo/Arena-Tracker,2018-01-01 00:00:00,1,0
purcell/skewer-less,2017-10-01 00:00:00,1,0
derhuerst/vbb-client,2018-03-01 00:00:00,1,0
jamesmontemagno/mvvm-helpers,2017-12-01 00:00:00,1,0
Rayzr522/MinecraftServerManager,2017-05-01 00:00:00,1,0
spatie/laravel-varnish,2017-12-01 00:00:00,1,0
IonicaBizau/birthday,2017-01-01 00:00:00,1,0
IonicaBizau/npmreserve,2017-01-01 00:00:00,1,0
bevry/caterpillar,2016-06-01 00:00:00,1,0
derhuerst/vbb-web,2018-03-01 00:00:00,1,0
oladon/PaizoCampaignTools,2016-01-01 00:00:00,1,0
IonicaBizau/node-cli-frames,2017-01-01 00:00:00,1,0
purcell/exec-path-from-shell,2017-10-01 00:00:00,1,0
GameServerManagers/LinuxGSM,2017-03-01 00:00:00,1,0
jaredhanson/passport-http-bearer,2018-03-01 00:00:00,1,0
iamelking/laravel_crud,2018-07-01 00:00:00,1,0
IonicaBizau/node-cobol,2017-01-01 00:00:00,1,0
KoryNunn/scroll-into-view,2017-12-01 00:00:00,1,0
roccomuso/iot-433mhz,2017-12-01 00:00:00,1,0
IonicaBizau/info-agenda,2017-01-01 00:00:00,1,0
spatie/laravel-pjax,2017-12-01 00:00:00,1,0
TonicArtos/SuperSLiM,2016-02-01 00:00:00,1,0
IonicaBizau/owner-repo,2017-01-01 00:00:00,1,0
sketchpunk/OpenXortex,2017-06-01 00:00:00,1,0
derhuerst/german-postal-codes,2018-03-01 00:00:00,1,0
gecko0307/dlib,2018-05-01 00:00:00,1,0
jaredhanson/kerouac-robotstxt,2018-03-01 00:00:00,1,0
derhuerst/search-flix-locations,2018-03-01 00:00:00,1,0
IonicaBizau/node-git-stats-colors,2017-01-01 00:00:00,1,0
IonicaBizau/lwip-pixels,2017-01-01 00:00:00,1,0
IonicaBizau/package-json-path,2017-01-01 00:00:00,1,0
Hardeepcoder/larashop55,2018-07-01 00:00:00,1,0
laracademy/landing-page,2018-07-01 00:00:00,1,0
IonicaBizau/fillo,2017-01-01 00:00:00,1,0
ory/hydra,2017-02-01 00:00:00,1,0
roots/sage,2018-08-01 00:00:00,1,0
spatie/yaml-front-matter,2017-12-01 00:00:00,1,0
kalessil/phpinspectionsea,2017-12-01 00:00:00,1,0
shiffman/A2Z-F16,2017-11-01 00:00:00,1,0
gecko0307/dmech,2018-05-01 00:00:00,1,0
IonicaBizau/ssh-remote,2017-01-01 00:00:00,1,0
copleykj/socialize-messaging,2018-05-01 00:00:00,1,0
IonicaBizau/artstack-downloader,2017-01-01 00:00:00,1,0
IonicaBizau/bac-results-my-class,2017-01-01 00:00:00,1,0
otacke/timetray,2018-01-01 00:00:00,1,0
Brramble/Brramble.github.io,2018-06-01 00:00:00,1,0
f0ntana/Laravel-DDD,2018-07-01 00:00:00,1,0
IonicaBizau/kindly-license,2017-01-01 00:00:00,1,0
Co-dfns/Co-dfns,2017-12-01 00:00:00,1,0
GuillaumeGomez/rust-GSL,2017-12-01 00:00:00,1,0
jcbrand/converse.js,2017-12-01 00:00:00,1,0
jeremykenedy/laravel-roles,2018-08-01 00:00:00,1,0
spatie/laravel-mailable-test,2017-12-01 00:00:00,1,0
sindresorhus/cli-spinners,2017-12-01 00:00:00,1,0
copleykj/socialize-user-presence,2018-05-01 00:00:00,1,0
DIGImend/digimend-kernel-drivers,2017-11-01 00:00:00,1,0
derhuerst/svg-partial-circle,2018-03-01 00:00:00,1,0
iNightfaller/SpeedGuidesLive,2018-07-01 00:00:00,1,0
IonicaBizau/dotfiles,2017-01-01 00:00:00,1,0
hydrabolt/discord.js,2016-10-01 00:00:00,1,0
alvarotrigo/fullPage.js,2018-06-01 00:00:00,1,0
copleykj/socialize-user-profile,2018-05-01 00:00:00,1,0
purcell/whitespace-cleanup-mode,2017-10-01 00:00:00,1,0
nazar-pc/PickMeUp,2018-04-01 00:00:00,1,0
derhuerst/email-providers,2018-03-01 00:00:00,1,0
derhuerst/db-stations,2018-03-01 00:00:00,1,0
laravelista/comments,2018-07-01 00:00:00,1,0
IonicaBizau/circle-touch,2017-01-01 00:00:00,1,0
purcell/page-break-lines,2017-10-01 00:00:00,1,0
IonicaBizau/node-ipinfo,2017-01-01 00:00:00,1,0
IonicaBizau/node-read-utf8,2017-01-01 00:00:00,1,0
NathanaelA/nativescript-themes,2018-02-01 00:00:00,1,0
Akryum/vue-observe-visibility,2018-06-01 00:00:00,1,0
juliangruber/browser-run,2018-03-01 00:00:00,1,0
droboports/sudo,2016-01-01 00:00:00,1,0
ihsoft/KAS,2018-04-01 00:00:00,1,0
IonicaBizau/restaurant,2017-01-01 00:00:00,1,0
thlorenz/exorcist,2018-01-01 00:00:00,1,0
mouyong/baiduwaimai,2018-07-01 00:00:00,1,0
majkinetor/au-packages,2018-04-01 00:00:00,1,0
BibleJS/bible-romanian,2017-01-01 00:00:00,1,0
NathanaelA/nativescript-accessibility,2018-02-01 00:00:00,1,0
IonicaBizau/statique,2017-01-01 00:00:00,1,0
tonsky/datascript,2018-08-01 00:00:00,1,0
bevry/watchr,2016-06-01 00:00:00,1,0
jamesmontemagno/SettingsPlugin,2017-12-01 00:00:00,1,0
quasarframework/quasar-cli,2016-09-01 00:00:00,1,0
shirosaidev/stocksight,2018-08-01 00:00:00,1,0
IonicaBizau/compute-size,2017-01-01 00:00:00,1,0
buttplugio/buttplug.io,2018-05-01 00:00:00,1,0
IonicaBizau/pixel-class,2017-01-01 00:00:00,1,0
Parzivail-Modding-Team/GalaxiesParzisStarWarsMod,2018-08-01 00:00:00,1,0
nazar-pc/docker-webserver,2018-04-01 00:00:00,1,0
derhuerst/discover-db-stations,2018-03-01 00:00:00,1,0
bangadam/SIMANIK,2018-07-01 00:00:00,1,0
IonicaBizau/ghcal,2017-01-01 00:00:00,1,0
purcell/flycheck-package,2017-10-01 00:00:00,1,0
IonicaBizau/emoji-from-text,2017-01-01 00:00:00,1,0
NathanaelA/nativescript-dynamicloader,2018-02-01 00:00:00,1,0
IonicaBizau/console.js,2017-01-01 00:00:00,1,0
IonicaBizau/r-package-json,2017-01-01 00:00:00,1,0
derhuerst/fn-call-streak,2018-03-01 00:00:00,1,0
toby3d/smashcast,2017-10-01 00:00:00,1,0
nolimits4web/Framework7-Keypad,2016-10-01 00:00:00,1,0
kotlin-graphics/imgui,2017-09-01 00:00:00,1,0
corkami/docs,2016-09-01 00:00:00,1,0
tonsky/AnyBar,2018-08-01 00:00:00,1,0
spatie/laravel-directory-cleanup,2017-12-01 00:00:00,1,0
droboports/openssh,2016-01-01 00:00:00,1,0
IonicaBizau/ouvre,2017-01-01 00:00:00,1,0
purpleidea/mgmt,2018-03-01 00:00:00,1,0
IonicaBizau/node-levenshtein-array,2017-01-01 00:00:00,1,0
adrianosilvavianna/bonjour,2018-07-01 00:00:00,1,0
spatie/temporary-directory,2017-12-01 00:00:00,1,0
jamesmontemagno/GeolocatorPlugin,2017-12-01 00:00:00,1,0
Binaergewitter/serious-bg,2017-04-01 00:00:00,1,0
juliangruber/multilevel,2018-03-01 00:00:00,1,0
juliangruber/review,2018-03-01 00:00:00,1,0
redsolution/xabber-android,2017-09-01 00:00:00,1,0
PHLAK/docker-openvpn,2018-08-01 00:00:00,1,0
spatie/laravel-referer,2017-12-01 00:00:00,1,0
docpad/docpad-plugin-assets,2016-06-01 00:00:00,1,0
egoist/poi,2017-05-01 00:00:00,1,0
nikitavoloboev/my-mac-os,2017-09-01 00:00:00,1,0
dawoe/umbraco-loadbalancing-dashboard,2018-05-01 00:00:00,1,0
co0lsky/photo-management-with-laravel,2018-07-01 00:00:00,1,0
jagrosh/GiveawayBot,2018-07-01 00:00:00,1,0
bcurran3/ChocolateyPackages,2018-08-01 00:00:00,1,0
IonicaBizau/electroner,2017-01-01 00:00:00,1,0
IonicaBizau/batjs,2017-01-01 00:00:00,1,0
IonicaBizau/vp-vs-ki-likes,2017-01-01 00:00:00,1,0
jaredhanson/passport-github,2018-03-01 00:00:00,1,0
Vouk/voukoder,2018-07-01 00:00:00,1,0
IonicaBizau/sigma-playground,2017-01-01 00:00:00,1,0
PapirusDevelopmentTeam/papirus-icon-theme,2018-03-01 00:00:00,1,0
IonicaBizau/node-map-o,2017-01-01 00:00:00,1,0
CodingTrain/website,2017-11-01 00:00:00,1,0
IonicaBizau/js-templates.function-export,2017-01-01 00:00:00,1,0
spiiin/CadEditor,2016-11-01 00:00:00,1,0
derhuerst/german-license-plate-prefixes,2018-03-01 00:00:00,1,0
nolimits4web/Template7,2016-10-01 00:00:00,1,0
IonicaBizau/VimOS,2017-01-01 00:00:00,1,0
Xonshiz/comic-dl,2017-10-01 00:00:00,1,0
hinaskye/ConnectLaravel,2018-07-01 00:00:00,1,0
IonicaBizau/node-color-it,2017-01-01 00:00:00,1,0
endel/babylonjs-multiplayer-boilerplate,2017-10-01 00:00:00,1,0
minimaxir/facebook-page-post-scraper,2017-03-01 00:00:00,1,0
derhuerst/locomore,2018-03-01 00:00:00,1,0
IonicaBizau/obj-flatten,2017-01-01 00:00:00,1,0
scalda/Iskall85_public_server_issues,2018-05-01 00:00:00,1,0
IonicaBizau/node-package-dependents,2017-01-01 00:00:00,1,0
purcell/paredit-everywhere,2017-10-01 00:00:00,1,0
lewislepton/openFrameworksTutorialSeries,2016-05-01 00:00:00,1,0
getify/You-Dont-Know-JS,2015-08-01 00:00:00,1,0
sqlitebrowser/sqlitebrowser,2018-08-01 00:00:00,1,0
IonicaBizau/deffy,2017-01-01 00:00:00,1,0
spatie/7to5,2017-12-01 00:00:00,1,0
derhuerst/vbb-fare-zones,2018-03-01 00:00:00,1,0
Spartan322/M3L,2017-07-01 00:00:00,1,0
IonicaBizau/wp-floating-social,2017-01-01 00:00:00,1,0
snwh/moka-icon-theme,2017-03-01 00:00:00,1,0
IonicaBizau/git-source,2017-01-01 00:00:00,1,0
ro31337/libretaxi,2017-09-01 00:00:00,1,0
suisea/NaNoGenMo-2k15,2017-05-01 00:00:00,1,0
purcell/unfill,2017-10-01 00:00:00,1,0
foonathan/standardese,2017-11-01 00:00:00,1,0
IonicaBizau/emojer-cli,2017-01-01 00:00:00,1,0
IonicaBizau/github-portfolio,2017-01-01 00:00:00,1,0
dumbgamedev/outlineEffect_Playmaker,2018-04-01 00:00:00,1,0
onqtam/doctest,2016-09-01 00:00:00,1,0
IonicaBizau/css.rotate.js,2017-01-01 00:00:00,1,0
Traged/managerDota,2018-07-01 00:00:00,1,0
IonicaBizau/joctodex,2017-01-01 00:00:00,1,0
IonicaBizau/node-cli-graph,2017-01-01 00:00:00,1,0
spatie/crawler,2017-12-01 00:00:00,1,0
edu-spot/CMIS,2018-07-01 00:00:00,1,0
sindresorhus/electron-context-menu,2017-12-01 00:00:00,1,0
roccomuso/WhereIsMyPi,2017-12-01 00:00:00,1,0
roots/trellis,2018-08-01 00:00:00,1,0
derhuerst/chutney,2018-03-01 00:00:00,1,0
IonicaBizau/twbs-input-number,2017-01-01 00:00:00,1,0
dumbgamedev/TextMeshPro_Playmaker,2018-04-01 00:00:00,1,0
IonicaBizau/vectorial-spaces,2017-01-01 00:00:00,1,0
nikitavoloboev/my-ios,2017-09-01 00:00:00,1,0
ihsoft/KIS,2018-04-01 00:00:00,1,0
bisqwit/password_codecs,2018-02-01 00:00:00,1,0
Danielv123/factorioClusterio,2018-07-01 00:00:00,1,0
IonicaBizau/nodeice,2017-01-01 00:00:00,1,0
EssentialsX/Essentials,2017-12-01 00:00:00,1,0
gkimpson/Udemy---RESTful-API-with-Laravel-5.4,2018-07-01 00:00:00,1,0
cogdog/ds106bank,2018-01-01 00:00:00,1,0
swapagarwal/awesome-inspiration,2018-08-01 00:00:00,1,0
sindresorhus/np,2017-12-01 00:00:00,1,0
SXRWahrheit/Denizen-Scripts,2018-05-01 00:00:00,1,0
bevry/eachr,2016-06-01 00:00:00,1,0
arxiv-vanity/arxiv-vanity,2018-06-01 00:00:00,1,0
IonicaBizau/match-all,2017-01-01 00:00:00,1,0
CraftingAsAService/CraftingNinja,2018-08-01 00:00:00,1,0
AlphaKretin/colress-bot,2017-12-01 00:00:00,1,0
IonicaBizau/w-package-json,2017-01-01 00:00:00,1,0
silviubogan/dotfiles,2017-11-01 00:00:00,1,0
Chekote/minecraft_modpack2,2015-08-01 00:00:00,1,0
coreybutler/nvm-windows,2017-01-01 00:00:00,1,0
djc/askama,2018-07-01 00:00:00,1,0
IonicaBizau/emojer,2017-01-01 00:00:00,1,0
IonicaBizau/raspberry-pi,2017-01-01 00:00:00,1,0
photonstorm/phaser,2016-05-01 00:00:00,1,0
sindresorhus/fast-cli,2017-12-01 00:00:00,1,0
IonicaBizau/static-methods,2017-01-01 00:00:00,1,0
Miserlou/Zappa,2017-02-01 00:00:00,1,0
arianebrandao/laravel-basico,2018-07-01 00:00:00,1,0
PHLAK/Colorizer,2018-08-01 00:00:00,1,0
IonicaBizau/bindy,2017-01-01 00:00:00,1,0
WaveHack/OpenDominion,2018-01-01 00:00:00,1,0
derhuerst/tiny-cli-editor,2018-03-01 00:00:00,1,0
jaredhanson/oauth2orize-chain,2018-03-01 00:00:00,1,0
IonicaBizau/ionicabizau.github.io,2017-01-01 00:00:00,1,0
derhuerst/hifo,2018-03-01 00:00:00,1,0
IonicaBizau/emoji-name-map,2017-01-01 00:00:00,1,0
funzeye/dev-bookmarks,2016-09-01 00:00:00,1,0
dumbgamedev/hitmanager_playmaker,2018-04-01 00:00:00,1,0
framework7io/framework7-plugin-keypad,2016-10-01 00:00:00,1,0
tonsky/rum,2018-08-01 00:00:00,1,0
spatie/laravel-activitylog,2017-12-01 00:00:00,1,0
derhuerst/svg-world-map,2018-03-01 00:00:00,1,0
bevry/projectz,2016-06-01 00:00:00,1,0
spatie/laravel-demo-mode,2017-12-01 00:00:00,1,0
thlorenz/doctoc,2018-01-01 00:00:00,1,0
IonicaBizau/spawn-npm,2017-01-01 00:00:00,1,0
IonicaBizau/simple-draggable.js,2017-01-01 00:00:00,1,0
purcell/emacs.d,2017-10-01 00:00:00,1,0
mono0926/LicensePlist,2018-04-01 00:00:00,1,0
IonicaBizau/daty,2017-01-01 00:00:00,1,0
jaredhanson/passport-google-oauth,2018-03-01 00:00:00,1,0
keeferrourke/la-capitaine-icon-theme,2017-06-01 00:00:00,1,0
IonicaBizau/Flattiance,2017-01-01 00:00:00,1,0
hugoam/toy,2018-04-01 00:00:00,1,0
IonicaBizau/bat,2017-01-01 00:00:00,1,0
IonicaBizau/double-last,2017-01-01 00:00:00,1,0
buttplugio/stpihkal,2018-05-01 00:00:00,1,0
derhuerst/vbb-positions-stream,2018-03-01 00:00:00,1,0
clj-commons/cljss,2018-02-01 00:00:00,1,0
IonicaBizau/cli-sunset,2017-01-01 00:00:00,1,0
PostgREST/postgrest,2018-04-01 00:00:00,1,0
fredsted/webhook.site,2018-05-01 00:00:00,1,0
IonicaBizau/hot-chocolate-machine,2017-01-01 00:00:00,1,0
typicode/hotel,2017-05-01 00:00:00,1,0
IonicaBizau/node-cli-box,2017-01-01 00:00:00,1,0
juliangruber/brace-expansion,2018-03-01 00:00:00,1,0
jeremykenedy/laravel-users,2018-08-01 00:00:00,1,0
BibleJS/bible-english,2017-01-01 00:00:00,1,0
spatie/opening-hours,2017-12-01 00:00:00,1,0
IonicaBizau/url-local,2017-01-01 00:00:00,1,0
dumbgamedev/postprocess_playmaker,2018-04-01 00:00:00,1,0
bludit/bludit,2018-03-01 00:00:00,1,0
vulhub/vulhub,2018-07-01 00:00:00,1,0
IonicaBizau/default-page,2017-01-01 00:00:00,1,0
purcell/ibuffer-vc,2017-10-01 00:00:00,1,0
jamesmontemagno/PermissionsPlugin,2017-12-01 00:00:00,1,0
IonicaBizau/node-levdist,2017-01-01 00:00:00,1,0
copleykj/socialize-linkable-model,2018-05-01 00:00:00,1,0
xenia-project/xenia,2018-04-01 00:00:00,1,0
derhuerst/time-tracking,2018-03-01 00:00:00,1,0
rustsim/nalgebra,2017-09-01 00:00:00,1,0
sindresorhus/electron-debug,2017-12-01 00:00:00,1,0
VBA-tools/VBA-UTC,2018-08-01 00:00:00,1,0
nefarius/Injector,2016-09-01 00:00:00,1,0
JapaMala/armok-vision,2015-08-01 00:00:00,1,0
IonicaBizau/node-flattenize,2017-01-01 00:00:00,1,0
oguzhaninan/Stacer,2018-02-01 00:00:00,1,0
IonicaBizau/node-brightbox,2017-01-01 00:00:00,1,0
Akryum/vue-apollo,2018-06-01 00:00:00,1,0
extcode/contacts,2017-06-01 00:00:00,1,0
jahed/grunt-json-format,2016-04-01 00:00:00,1,0
Miouyouyou/RockMyy,2018-07-01 00:00:00,1,0
PHLAK/docker-youtube-dl,2018-08-01 00:00:00,1,0
joshuaulrich/quantmod,2018-01-01 00:00:00,1,0
redux-observable/redux-observable,2018-08-01 00:00:00,1,0
i18next/i18next-parser,2018-06-01 00:00:00,1,0
balupton/website,2016-06-01 00:00:00,1,0
public-transport/hafas-client,2018-03-01 00:00:00,1,0
shirosaidev/diskover,2018-08-01 00:00:00,1,0
cogdog/dailyblank,2018-01-01 00:00:00,1,0
jamesmontemagno/ImageCirclePlugin,2017-12-01 00:00:00,1,0
libgdx/libgdx,2015-08-01 00:00:00,1,0
IonicaBizau/git-up,2017-01-01 00:00:00,1,0
mchorse/metamorph,2018-07-01 00:00:00,1,0
IonicaBizau/regarde,2017-01-01 00:00:00,1,0
IonicaBizau/node-idy,2017-01-01 00:00:00,1,0
IonicaBizau/count-words-array,2017-01-01 00:00:00,1,0
IonicaBizau/dist-it,2017-01-01 00:00:00,1,0
copleykj/socialize-postable,2018-05-01 00:00:00,1,0
Marc3842h/Titan,2018-05-01 00:00:00,1,0
pi-hole/FTL,2018-05-01 00:00:00,1,0
1click-extensions/1click-webpage-screenshot,2018-03-01 00:00:00,1,0
yajra/laravel-oci8,2016-10-01 00:00:00,1,0
TurtleP/Turtle-Tale,2018-05-01 00:00:00,1,0
droboports/e2fsprogs,2016-01-01 00:00:00,1,0
purcell/ruby-hash-syntax,2017-10-01 00:00:00,1,0
IonicaBizau/emoji-from-word,2017-01-01 00:00:00,1,0
castle-engine/cge-www,2017-03-01 00:00:00,1,0
IonicaBizau/uc-first-array,2017-01-01 00:00:00,1,0
jaredhanson/passport-linkedin,2018-03-01 00:00:00,1,0
snwh/paper-icon-theme,2017-03-01 00:00:00,1,0
juliangruber/travis-watch,2018-03-01 00:00:00,1,0
conversejs/converse.js,2017-12-01 00:00:00,1,0
funkypenguin/docker-mwlib,2017-10-01 00:00:00,1,0
IonicaBizau/parse-it,2017-01-01 00:00:00,1,0
AungThuraWin92/courseApp,2018-07-01 00:00:00,1,0
tidusjar/Ombi,2018-02-01 00:00:00,1,0
derhuerst/vbb-parse-line,2018-03-01 00:00:00,1,0
ausi/cq-prolyfill,2017-05-01 00:00:00,1,0
IonicaBizau/err,2017-01-01 00:00:00,1,0
ZILtoid1991/pixelperfectengine,2018-07-01 00:00:00,1,0
purcell/rails-runit,2017-10-01 00:00:00,1,0
spatie/laravel-responsecache,2017-12-01 00:00:00,1,0
ifmeorg/ifme,2016-05-01 00:00:00,1,0
xahlee/xah-fly-keys,2017-07-01 00:00:00,1,0
avevlad/russia-it-podcast,2016-11-01 00:00:00,1,0
nolimits4web/Framework7,2016-10-01 00:00:00,1,0
BigBlueHat/BlueInk,2016-08-01 00:00:00,1,0
IonicaBizau/pi-number,2017-01-01 00:00:00,1,0
tullamods/Bagnon,2017-12-01 00:00:00,1,0
derhuerst/db-monitor,2018-03-01 00:00:00,1,0
spatie/schema-org,2017-12-01 00:00:00,1,0
IonicaBizau/before-leaving-me.js,2017-01-01 00:00:00,1,0
LienJS/Lien,2017-01-01 00:00:00,1,0
IonicaBizau/node-ctrl-c,2017-01-01 00:00:00,1,0
najibahmad/sipajak,2018-07-01 00:00:00,1,0
derhuerst/search-meinfernbus-locations,2018-03-01 00:00:00,1,0
cogdog/wp-dimension,2018-01-01 00:00:00,1,0
jaredhanson/passport-http,2018-03-01 00:00:00,1,0
arschles/go-in-5-minutes,2018-02-01 00:00:00,1,0
cogdog/flickr-cc-helper,2018-01-01 00:00:00,1,0
xfriends99/inmobiliaria-argentina,2018-07-01 00:00:00,1,0
copleykj/socialize-base-model,2018-05-01 00:00:00,1,0
IonicaBizau/youtube-topmost,2017-01-01 00:00:00,1,0
sketchpunk/openkeyboard,2017-06-01 00:00:00,1,0
nathanaela/tns-template-plugin,2018-02-01 00:00:00,1,0
IonicaBizau/node-gry,2017-01-01 00:00:00,1,0
pH7Software/pH7-Social-Dating-CMS,2018-06-01 00:00:00,1,0
derhuerst/db-zugradar-client,2018-03-01 00:00:00,1,0
jaredhanson/passport-twitter,2018-03-01 00:00:00,1,0
darklordabc/Legends-of-Dota-Redux,2018-06-01 00:00:00,1,0
IonicaBizau/github-org-members.js,2017-01-01 00:00:00,1,0
jahed/grunt-jsv,2016-04-01 00:00:00,1,0
inkle/ink,2018-03-01 00:00:00,1,0
derhuerst/browser-location,2018-03-01 00:00:00,1,0
derhuerst/vbb-map-routing,2018-03-01 00:00:00,1,0
bevry/extendr,2016-06-01 00:00:00,1,0
purcell/default-text-scale,2017-10-01 00:00:00,1,0
nekoyoubi/yep_util,2017-01-01 00:00:00,1,0
XXIIVV/Clock,2016-08-01 00:00:00,1,0
IonicaBizau/node-oargv,2017-01-01 00:00:00,1,0
IonicaBizau/noop6,2017-01-01 00:00:00,1,0
djc/tokio-imap,2018-07-01 00:00:00,1,0
IonicaBizau/web-term,2017-01-01 00:00:00,1,0
tullamods/OmniCC,2017-12-01 00:00:00,1,0
PHLAK/laravelcollective-html-form-snippets,2018-08-01 00:00:00,1,0
IonicaBizau/clp,2017-01-01 00:00:00,1,0
IonicaBizau/fixed-or-percent,2017-01-01 00:00:00,1,0
joemcbride/outlander-osx,2016-06-01 00:00:00,1,0
derhuerst/vbb-stations-with-wifi,2018-03-01 00:00:00,1,0
IonicaBizau/node-parent-search,2017-01-01 00:00:00,1,0
IonicaBizau/magnesium,2017-01-01 00:00:00,1,0
IonicaBizau/github-calendar-legend,2017-01-01 00:00:00,1,0
derhuerst/bbox-stream,2018-03-01 00:00:00,1,0
IonicaBizau/emoji-unicode-map,2017-01-01 00:00:00,1,0
Akryum/vue-tooltip,2018-06-01 00:00:00,1,0
leanfeats/job,2018-07-01 00:00:00,1,0
AzuraCast/AzuraCast,2018-06-01 00:00:00,1,0
droboports/imagemagick,2016-01-01 00:00:00,1,0
pardeike/Reloader,2017-06-01 00:00:00,1,0
amark/gun,2016-12-01 00:00:00,1,0
purcell/ibuffer-projectile,2017-10-01 00:00:00,1,0
juliangruber/capture-screenshot,2018-03-01 00:00:00,1,0
purcell/airspeed,2017-10-01 00:00:00,1,0
mercuryseries/laracarte-tdn,2018-07-01 00:00:00,1,0
IonicaBizau/match.js,2017-01-01 00:00:00,1,0
derhuerst/casket,2018-03-01 00:00:00,1,0
IonicaBizau/node-cli-update,2017-01-01 00:00:00,1,0
IonicaBizau/node-lazy-api,2017-01-01 00:00:00,1,0
ice-services/moleculer,2018-03-01 00:00:00,1,0
jamesmontemagno/InAppBillingPlugin,2017-12-01 00:00:00,1,0
Slevinski/SuttonSignWriting,2018-06-01 00:00:00,1,0
vanliem/forum,2018-07-01 00:00:00,1,0
IonicaBizau/cb-bufferify,2017-01-01 00:00:00,1,0
raysan5/raylib,2016-01-01 00:00:00,1,0
sindresorhus/grunt-eslint,2017-12-01 00:00:00,1,0
gamestdio/colyseus.js,2017-10-01 00:00:00,1,0
acrobotic/Ai_Docs,2018-03-01 00:00:00,1,0
droboports/coreutils,2016-01-01 00:00:00,1,0
Shinoow/AbyssalCraft,2016-04-01 00:00:00,1,0
arxiv-vanity/engrafo,2018-06-01 00:00:00,1,0
openfaas/faas,2017-12-01 00:00:00,1,0
IonicaBizau/node-ul,2017-01-01 00:00:00,1,0
roccomuso/kickthemout,2017-12-01 00:00:00,1,0
IonicaBizau/namly,2017-01-01 00:00:00,1,0
scalda/Code_Name_SS4,2018-05-01 00:00:00,1,0
IonicaBizau/cli-snow,2017-01-01 00:00:00,1,0
bbatsov/projectile,2017-12-01 00:00:00,1,0
IonicaBizau/is-semver,2017-01-01 00:00:00,1,0
olton/Metro-UI-CSS,2017-11-01 00:00:00,1,0
typicode/json-server,2017-05-01 00:00:00,1,0
spatie/laravel-cookie-consent,2017-12-01 00:00:00,1,0
IonicaBizau/unvowel-last,2017-01-01 00:00:00,1,0
ihsoft/EasyVesselSwitch,2018-04-01 00:00:00,1,0
sindresorhus/electron-store,2017-12-01 00:00:00,1,0
spatie/laravel-translation-loader,2017-12-01 00:00:00,1,0
thlorenz/cardinal,2018-01-01 00:00:00,1,0
sketchpunk/mkRebuild,2017-06-01 00:00:00,1,0
sindresorhus/grunt-sass,2017-12-01 00:00:00,1,0
derhuerst/berlin-subway-guide,2018-03-01 00:00:00,1,0
derhuerst/path-depth,2018-03-01 00:00:00,1,0
derhuerst/vbb-anybar,2018-03-01 00:00:00,1,0
IonicaBizau/animato.js,2017-01-01 00:00:00,1,0
IonicaBizau/C-plus-plus-Exercises,2017-01-01 00:00:00,1,0
docpad/docpad-plugin-feedr,2016-06-01 00:00:00,1,0
IonicaBizau/le-table,2017-01-01 00:00:00,1,0
spatie/font-awesome-filetypes,2017-12-01 00:00:00,1,0
IonicaBizau/bac-results,2017-01-01 00:00:00,1,0
IonicaBizau/IsRespo,2017-01-01 00:00:00,1,0
IonicaBizau/jQuery-animate-gradient,2017-01-01 00:00:00,1,0
derhuerst/isomorphic-location,2018-03-01 00:00:00,1,0
spatie/skeleton-js,2017-12-01 00:00:00,1,0
purcell/jargs,2017-10-01 00:00:00,1,0
typicode/jsonplaceholder,2017-05-01 00:00:00,1,0
ecmascriptguru/merchfox_backend,2018-07-01 00:00:00,1,0
IonicaBizau/github-contributions,2017-01-01 00:00:00,1,0
IonicaBizau/github-old-header,2017-01-01 00:00:00,1,0
mattgodbolt/compiler-explorer,2017-01-01 00:00:00,1,0
docpad/docpad-plugin-jade,2016-06-01 00:00:00,1,0
IonicaBizau/page-changed,2017-01-01 00:00:00,1,0
IonicaBizau/image-parser,2017-01-01 00:00:00,1,0
purcell/sqlint,2017-10-01 00:00:00,1,0
clojure-grimoire/lib-grimoire,2017-05-01 00:00:00,1,0
SleepyBandit/TodayInHistory,2017-07-01 00:00:00,1,0
IonicaBizau/github-stats,2017-01-01 00:00:00,1,0
mattgodbolt/gcc-explorer,2017-01-01 00:00:00,1,0
chinchang/web-maker,2018-01-01 00:00:00,1,0
juliangruber/isarray,2018-03-01 00:00:00,1,0
colyseus/colyseus,2017-10-01 00:00:00,1,0
yysun/apprun,2018-06-01 00:00:00,1,0
IonicaBizau/cli-gh-cal,2017-01-01 00:00:00,1,0
IonicaBizau/css.cross-transform.js,2017-01-01 00:00:00,1,0
droboports/mongoose,2016-01-01 00:00:00,1,0
derhuerst/vbb-shapes,2018-03-01 00:00:00,1,0
cogdog/pechaflickr,2018-01-01 00:00:00,1,0
derhuerst/vbb-station-photos,2018-03-01 00:00:00,1,0
Alex-D/Trumbowyg,2017-12-01 00:00:00,1,0
CarlGroth/Carl-Bot,2018-05-01 00:00:00,1,0
engor/Ted2Go,2017-11-01 00:00:00,1,0
sinkillerj/ProjectE,2015-08-01 00:00:00,1,0
Cotya/magento-composer-installer,2017-11-01 00:00:00,1,0
IonicaBizau/terminal-flat-theme,2017-01-01 00:00:00,1,0
PHLAK/docker-syncthing,2018-08-01 00:00:00,1,0
IonicaBizau/arr-obj,2017-01-01 00:00:00,1,0
krisk/Fuse,2016-10-01 00:00:00,1,0
IonicaBizau/ionicabizau.net,2017-01-01 00:00:00,1,0
CodingTrain/Rainbow-Topics,2017-11-01 00:00:00,1,0
IonicaBizau/tithe,2017-01-01 00:00:00,1,0
IonicaBizau/count-words,2017-01-01 00:00:00,1,0
clojure-grimoire/grimoire,2017-05-01 00:00:00,1,0
tonsky/FiraCode,2018-08-01 00:00:00,1,0
be5invis/Iosevka,2017-04-01 00:00:00,1,0
jeromeetienne/AR.js,2018-01-01 00:00:00,1,0
bevry/docpad-helper,2016-06-01 00:00:00,1,0
FedFod/Max-MSP-Jitter,2017-11-01 00:00:00,1,0
lihaoyi/mill,2018-08-01 00:00:00,1,0
kaqfa/lara_uang,2018-07-01 00:00:00,1,0
bevry/scandirectory,2016-06-01 00:00:00,1,0
Shinoow/AbyssalCraft-Heads,2016-04-01 00:00:00,1,0
glutanimate/frozen-fields,2017-10-01 00:00:00,1,0
docpad/docpad-plugin-consolidate,2016-06-01 00:00:00,1,0
SleepyBandit/RedditRecap,2017-07-01 00:00:00,1,0
IonicaBizau/add-subtract-date,2017-01-01 00:00:00,1,0
rust-windowing/android-rs-glue,2017-06-01 00:00:00,1,0
Miouyouyou/MyyQi,2018-07-01 00:00:00,1,0
sketchpunk/SpeechCMD,2017-06-01 00:00:00,1,0
PHLAK/SemVer,2018-08-01 00:00:00,1,0
IonicaBizau/crossy.js,2017-01-01 00:00:00,1,0
dumbgamedev/XWeaponTrail_Playmaker,2018-04-01 00:00:00,1,0
thlorenz/learnuv,2018-01-01 00:00:00,1,0
IonicaBizau/js-templates.example,2017-01-01 00:00:00,1,0
spatie/form-backend-validation,2017-12-01 00:00:00,1,0
derhuerst/record-vbb-delays,2018-03-01 00:00:00,1,0
scalda/FoolCraft,2018-05-01 00:00:00,1,0
IonicaBizau/git-package-json,2017-01-01 00:00:00,1,0
gecko0307/dagon,2018-05-01 00:00:00,1,0
scalda/Hermit-Wars,2018-05-01 00:00:00,1,0
mcenderdragon/Futurepack-API,2017-08-01 00:00:00,1,0
IonicaBizau/iterate-object,2017-01-01 00:00:00,1,0
IonicaBizau/packy,2017-01-01 00:00:00,1,0
IonicaBizau/asciify-pixel-matrix,2017-01-01 00:00:00,1,0
agoldcheidt/archlinux-for-berryboot,2018-08-01 00:00:00,1,0
edwardlorilla/__inventory_vue__,2018-07-01 00:00:00,1,0
NathanaelA/nativescript-master-technology,2018-02-01 00:00:00,1,0
IonicaBizau/promptify,2017-01-01 00:00:00,1,0
theweavrs/BreadPlayer,2017-07-01 00:00:00,1,0
DIYgod/DPlayer,2018-06-01 00:00:00,1,0
IonicaBizau/owner-repo-stringify,2017-01-01 00:00:00,1,0
thlorenz/convert-source-map,2018-01-01 00:00:00,1,0
ThingEngineer/ReactorForge,2018-01-01 00:00:00,1,0
lihaoyi/fansi,2018-08-01 00:00:00,1,0
winar-jin/studentEvaluateSystem,2018-07-01 00:00:00,1,0
PHLAK/Stash,2018-08-01 00:00:00,1,0
spatie/laravel-blade-javascript,2017-12-01 00:00:00,1,0
gruppler/PTN-Ninja,2017-05-01 00:00:00,1,0
PHLAK/docker-soxy,2018-08-01 00:00:00,1,0
bevry/feedr,2016-06-01 00:00:00,1,0
docpad/docpad,2016-06-01 00:00:00,1,0
IonicaBizau/arc-assembler,2017-01-01 00:00:00,1,0
thlorenz/v8-perf,2018-01-01 00:00:00,1,0
saedyousef/kotlincommunity,2018-07-01 00:00:00,1,0
felixbvf/laravel5.4-and-Vuejs2.0--SPA,2018-07-01 00:00:00,1,0
benjie/mehserve,2018-01-01 00:00:00,1,0
IonicaBizau/drag-popup,2017-01-01 00:00:00,1,0
derhuerst/db-prices-viz,2018-03-01 00:00:00,1,0
NathanaelA/nativescript-hidden,2018-02-01 00:00:00,1,0
derhuerst/dyndns-server,2018-03-01 00:00:00,1,0
IonicaBizau/find-value,2017-01-01 00:00:00,1,0
bevry/safefs,2016-06-01 00:00:00,1,0
bevry/getmac,2016-06-01 00:00:00,1,0
IonicaBizau/jQuery-prioritize,2017-01-01 00:00:00,1,0
derhuerst/vbb-lines,2018-03-01 00:00:00,1,0
Linuxbrew/brew,2017-10-01 00:00:00,1,0
IonicaBizau/node-messager,2017-01-01 00:00:00,1,0
zdharma/zplugin,2018-05-01 00:00:00,1,0
bevry/event-emitter-grouped,2016-06-01 00:00:00,1,0
bevry/lazy-require,2016-06-01 00:00:00,1,0
IonicaBizau/ghosty,2017-01-01 00:00:00,1,0
formly-js/angular-formly,2017-11-01 00:00:00,1,0
IonicaBizau/internet-connection,2017-01-01 00:00:00,1,0
derhuerst/vbb-modules,2018-03-01 00:00:00,1,0
IonicaBizau/imgpx,2017-01-01 00:00:00,1,0
IonicaBizau/function-args,2017-01-01 00:00:00,1,0
thlorenz/redeyed,2018-01-01 00:00:00,1,0
sketchpunk/NEditorJS,2017-06-01 00:00:00,1,0
sindresorhus/ama,2017-12-01 00:00:00,1,0
MySportsFeeds/mysportsfeeds-api,2018-03-01 00:00:00,1,0
IonicaBizau/node-cobol-promises,2017-01-01 00:00:00,1,0
PHLAK/docker-iperf,2018-08-01 00:00:00,1,0
IonicaBizau/jsfiddle-to-git,2017-01-01 00:00:00,1,0
IonicaBizau/node-cli-resize,2017-01-01 00:00:00,1,0
IonicaBizau/gh.js,2017-01-01 00:00:00,1,0
lihaoyi/utest,2018-08-01 00:00:00,1,0
funkypenguin/rtorrent,2017-10-01 00:00:00,1,0
spatie/laravel-tags,2017-12-01 00:00:00,1,0
IonicaBizau/asciify-pixel,2017-01-01 00:00:00,1,0
koute/cargo-web,2018-02-01 00:00:00,1,0
thereactivestack/meteor-react-router-ssr,2018-05-01 00:00:00,1,0
sippy/b2bua,2018-05-01 00:00:00,1,0
jeremykenedy/laravel-auth,2018-08-01 00:00:00,1,0
discordjs/discord.js,2016-10-01 00:00:00,1,0
foonathan/type_safe,2017-11-01 00:00:00,1,0
ivanseidel/Is-Now-Illegal,2018-04-01 00:00:00,1,0
oseparovic/comic_selectors,2017-08-01 00:00:00,1,0
egoist/donate,2017-05-01 00:00:00,1,0
w3aewander/RestauranteNossaCasaWeb,2018-07-01 00:00:00,1,0
Believotron/Believotronics,2018-01-01 00:00:00,1,0
issus/altium-library,2018-01-01 00:00:00,1,0
IonicaBizau/node-lnf,2017-01-01 00:00:00,1,0
spatie/db-dumper,2017-12-01 00:00:00,1,0
syuilo/misskey,2018-04-01 00:00:00,1,0
IonicaBizau/CaiuSS,2017-01-01 00:00:00,1,0
bourgesl/marlin-renderer,2018-02-01 00:00:00,1,0
IonicaBizau/starts-with-emoji,2017-01-01 00:00:00,1,0
sindresorhus/ora,2017-12-01 00:00:00,1,0
derhuerst/window-on-print,2018-03-01 00:00:00,1,0
derhuerst/vbb-trips,2018-03-01 00:00:00,1,0
retep998/winapi-rs,2017-05-01 00:00:00,1,0
snwh/faba-icon-theme,2017-03-01 00:00:00,1,0
qd-cae/qd-cae-python,2018-01-01 00:00:00,1,0
zerojuls/laravel-angular-admin,2018-07-01 00:00:00,1,0
IonicaBizau/node-line-diff,2017-01-01 00:00:00,1,0
IonicaBizau/last-char,2017-01-01 00:00:00,1,0
jaredhanson/oauth2orize-pkce,2018-03-01 00:00:00,1,0
summerblue/laravel-tutorial-sample,2018-07-01 00:00:00,1,0
samanthamichele7/laravel-react,2018-07-01 00:00:00,1,0
PHLAK/docker-transmission,2018-08-01 00:00:00,1,0
derhuerst/svg-radar-chart,2018-03-01 00:00:00,1,0
IonicaBizau/camelo,2017-01-01 00:00:00,1,0
kazupon/vue-i18n,2018-08-01 00:00:00,1,0
IonicaBizau/abs,2017-01-01 00:00:00,1,0
PHLAK/docker-mumble,2018-08-01 00:00:00,1,0
AhmetManga/laravel_alisveris,2018-07-01 00:00:00,1,0
lihaoyi/Ammonite,2018-08-01 00:00:00,1,0
jamesmontemagno/Xamarin.Plugins,2017-12-01 00:00:00,1,0
oestrich/ex_venture,2018-08-01 00:00:00,1,0
tullamods/Ludwig,2017-12-01 00:00:00,1,0
spatie/menu,2017-12-01 00:00:00,1,0
spatie/http-status-check,2017-12-01 00:00:00,1,0
Liinkiing/laravel-blog,2018-07-01 00:00:00,1,0
laurent22/joplin,2018-05-01 00:00:00,1,0
IonicaBizau/vowels,2017-01-01 00:00:00,1,0
deployphp/deployer,2017-03-01 00:00:00,1,0
IonicaBizau/bac-results-json,2017-01-01 00:00:00,1,0
IonicaBizau/github-pr-branch-links,2017-01-01 00:00:00,1,0
exula/Proxmox-Dashboard,2018-07-01 00:00:00,1,0
juliangruber/tape-run,2018-03-01 00:00:00,1,0
Tryllemann/ViksUI,2018-08-01 00:00:00,1,0
spatie/laravel-url-signer,2017-12-01 00:00:00,1,0
LibrePCB/LibrePCB,2017-03-01 00:00:00,1,0
thirtybees/thirtybees,2017-12-01 00:00:00,1,0
IonicaBizau/node-bug-killer,2017-01-01 00:00:00,1,0
IonicaBizau/gif-cli,2017-01-01 00:00:00,1,0
scalda/Hermitpack,2018-05-01 00:00:00,1,0
rampantpixels/foundation_lib,2017-03-01 00:00:00,1,0
shsma/EventSurfer,2018-07-01 00:00:00,1,0
joshuaulrich/TTR,2018-01-01 00:00:00,1,0
buttplugio/buttplug-js,2018-05-01 00:00:00,1,0
IonicaBizau/emoji-dictionary,2017-01-01 00:00:00,1,0
phpstan/phpstan,2016-11-01 00:00:00,1,0
IonicaBizau/jQuery-johnnys-path,2017-01-01 00:00:00,1,0
allista/hangar,2016-05-01 00:00:00,1,0
PHLAK/Twine,2018-08-01 00:00:00,1,0
IonicaBizau/ansy,2017-01-01 00:00:00,1,0
spatie/laravel-model-cleanup,2017-12-01 00:00:00,1,0
IonicaBizau/resume,2017-01-01 00:00:00,1,0
IonicaBizau/worder,2017-01-01 00:00:00,1,0
IonicaBizau/gm-installed,2017-01-01 00:00:00,1,0
colyseus/colyseus.js,2017-10-01 00:00:00,1,0
roccomuso/node-webhooks,2017-12-01 00:00:00,1,0
IonicaBizau/github-emojify,2017-01-01 00:00:00,1,0
derhuerst/commons-photo-url,2018-03-01 00:00:00,1,0
IonicaBizau/npm-available-array,2017-01-01 00:00:00,1,0
IonicaBizau/is-vowel,2017-01-01 00:00:00,1,0
jaredhanson/kerouac-sitemap,2018-03-01 00:00:00,1,0
PHLAK/docker-minecraft,2018-08-01 00:00:00,1,0
spatie/image,2017-12-01 00:00:00,1,0
ionicabizau/mini-lightbox,2017-01-01 00:00:00,1,0
IonicaBizau/daily-quote,2017-01-01 00:00:00,1,0
Lazy-Newb-Pack/Lazy-Newb-Pack-Linux,2017-06-01 00:00:00,1,0
ihsoft/SurfaceLights,2018-04-01 00:00:00,1,0
NathanaelA/nativescript-signalr,2018-02-01 00:00:00,1,0
bbatsov/zenburn-emacs,2017-12-01 00:00:00,1,0
IonicaBizau/split-by-comma-regex,2017-01-01 00:00:00,1,0
bevry/safeps,2016-06-01 00:00:00,1,0
thlorenz/brace,2018-01-01 00:00:00,1,0
nmfzone/car-rent-system,2018-07-01 00:00:00,1,0
IonicaBizau/cli-github,2017-01-01 00:00:00,1,0
IonicaBizau/youtube-api,2017-01-01 00:00:00,1,0
IonicaBizau/googleapps-grant-access,2017-01-01 00:00:00,1,0
jaredhanson/passport-facebook,2018-03-01 00:00:00,1,0
juliangruber/ci-watch,2018-03-01 00:00:00,1,0
spatie/regex,2017-12-01 00:00:00,1,0
cynicaloptimist/improved-initiative,2017-12-01 00:00:00,1,0
RebornRider/ShaderInUnityWorkshop,2018-03-01 00:00:00,1,0
IonicaBizau/git-stats-importer,2017-01-01 00:00:00,1,0
purcell/elisp-slime-nav,2017-10-01 00:00:00,1,0
derhuerst/vbb-osm-relations,2018-03-01 00:00:00,1,0
paulsapps/alive,2017-10-01 00:00:00,1,0
jamesmontemagno/ConnectivityPlugin,2017-12-01 00:00:00,1,0
Cog-Creators/Red-DiscordBot,2018-01-01 00:00:00,1,0
hovancik/stretchly,2017-11-01 00:00:00,1,0
sindresorhus/grunt-shell,2017-12-01 00:00:00,1,0
zet23t/td2play,2017-11-01 00:00:00,1,0
copleykj/socialize-commentable,2018-05-01 00:00:00,1,0
IonicaBizau/code-style,2017-01-01 00:00:00,1,0
extcode/cart_paypal,2017-06-01 00:00:00,1,0
rustsim/ncollide,2017-09-01 00:00:00,1,0
bevry/domain-browser,2016-06-01 00:00:00,1,0
bbatsov/prelude,2017-12-01 00:00:00,1,0
IonicaBizau/github-colors,2017-01-01 00:00:00,1,0
NathanaelA/tns-template-plugin,2018-02-01 00:00:00,1,0
IonicaBizau/text-animation,2017-01-01 00:00:00,1,0
wpscanteam/wpscan,2018-07-01 00:00:00,1,0
copleykj/socialize-user-model,2018-05-01 00:00:00,1,0
Xaymar/PropHuntExtended,2017-06-01 00:00:00,1,0
derhuerst/bvg-topological-map,2018-03-01 00:00:00,1,0
IonicaBizau/node-page-changed,2017-01-01 00:00:00,1,0
mohdule/mohdule.github.io,2018-03-01 00:00:00,1,0
oerdnj/deb.sury.org,2016-01-01 00:00:00,1,0
IonicaBizau/percent-value,2017-01-01 00:00:00,1,0
mopemope/meghanada-emacs,2018-07-01 00:00:00,1,0
derhuerst/html-vault,2018-03-01 00:00:00,1,0
ddevault/aerc,2017-04-01 00:00:00,1,0
bepu/bepuphysics1,2018-04-01 00:00:00,1,0
erikras/redux-form,2016-07-01 00:00:00,1,0
derhuerst/vbb-telegram,2018-03-01 00:00:00,1,0
IonicaBizau/ferris-wheel,2017-01-01 00:00:00,1,0
fsvwd/vuebnb,2018-07-01 00:00:00,1,0
Akryum/packt-vue-project-guide,2018-06-01 00:00:00,1,0
adonisjs/adonis-cli,2016-09-01 00:00:00,1,0
metafetish/haptic-movie-file-reader,2018-05-01 00:00:00,1,0
volundmush/athanor,2017-11-01 00:00:00,1,0
bevry/kava,2016-06-01 00:00:00,1,0
docpad/website,2016-06-01 00:00:00,1,0
NathanaelA/nativescript-keyboardshowing,2018-02-01 00:00:00,1,0
IonicaBizau/split-by-comma,2017-01-01 00:00:00,1,0
IonicaBizau/showalicense.com,2017-01-01 00:00:00,1,0
IonicaBizau/screensaver,2017-01-01 00:00:00,1,0
DuncteBot/SkyBot,2018-06-01 00:00:00,1,0
derhuerst/node-spotlight,2018-03-01 00:00:00,1,0
Xonshiz/SolidFiles-Downloader,2017-10-01 00:00:00,1,0
dustinblackman/Championify,2016-11-01 00:00:00,1,0
jaredhanson/passport-local,2018-03-01 00:00:00,1,0
IonicaBizau/memory-blocks,2017-01-01 00:00:00,1,0
IonicaBizau/emoji.css,2017-01-01 00:00:00,1,0
IonicaBizau/custom-return,2017-01-01 00:00:00,1,0
elamperti/OpenWebScrobbler,2018-08-01 00:00:00,1,0
spatie/ssl-certificate,2017-12-01 00:00:00,1,0
Akryum/vue-resize,2018-06-01 00:00:00,1,0
IonicaBizau/node-artstack,2017-01-01 00:00:00,1,0
laravel-id/vue-router,2018-07-01 00:00:00,1,0
IonicaBizau/node-r-json,2017-01-01 00:00:00,1,0
IonicaBizau/remove-last-char.js,2017-01-01 00:00:00,1,0
cogdog/truwriter,2018-01-01 00:00:00,1,0
IonicaBizau/node-limit-it,2017-01-01 00:00:00,1,0
jaredhanson/oauth2orize-openid,2018-03-01 00:00:00,1,0
derhuerst/vbb-cli,2018-03-01 00:00:00,1,0
otacke/yalw,2018-01-01 00:00:00,1,0
IonicaBizau/indento,2017-01-01 00:00:00,1,0
droboports/crond,2016-01-01 00:00:00,1,0
thlorenz/libuv-dox,2018-01-01 00:00:00,1,0
IonicaBizau/idea,2017-01-01 00:00:00,1,0
PauloGasparSv/NinjaTime,2016-08-01 00:00:00,1,0
swaywm/sway,2017-04-01 00:00:00,1,0
IonicaBizau/bnotify,2017-01-01 00:00:00,1,0
IonicaBizau/terminal-char-width,2017-01-01 00:00:00,1,0
jaredhanson/oauth2orize,2018-03-01 00:00:00,1,0
hbons/SparkleShare,2017-07-01 00:00:00,1,0
IonicaBizau/node-cli-circle,2017-01-01 00:00:00,1,0
roots/bedrock,2018-08-01 00:00:00,1,0
nathanaela/nativescript-master-technology,2018-02-01 00:00:00,1,0
IonicaBizau/node-streamp,2017-01-01 00:00:00,1,0
graphile/postgraphile,2018-01-01 00:00:00,1,0
nolimits4web/template7,2016-10-01 00:00:00,1,0
IonicaBizau/js-templates.class-export,2017-01-01 00:00:00,1,0
derhuerst/dyndns,2018-03-01 00:00:00,1,0
gamestdio/colyseus,2017-10-01 00:00:00,1,0
nikitavoloboev/dotfiles,2017-09-01 00:00:00,1,0
webdevmatics/SocialAuth,2018-07-01 00:00:00,1,0
IonicaBizau/jQuery-cross-domain-requests,2017-01-01 00:00:00,1,0
lafiosca/fourheadlines,2018-03-01 00:00:00,1,0
letscontrolit/ESPEasy,2018-08-01 00:00:00,1,0
sindresorhus/electron-config,2017-12-01 00:00:00,1,0
thlorenz/browserify-ftw,2018-01-01 00:00:00,1,0
spatie/laravel-permission,2017-12-01 00:00:00,1,0
veekun/pokedex,2016-06-01 00:00:00,1,0
clojure-emacs/cider,2017-12-01 00:00:00,1,0
huangyuan9/distributer,2017-04-12 13:37:32,0,1
docpad/docpad-plugin-less,2016-11-12 03:48:22,0,1
IngAjVillalon/Nestjs_GCloud-App-Engine-Standard,2017-05-23 16:28:54,0,1
cult-of-coders/grapher,2017-12-11 09:39:48,0,1
aldeed/node-simple-schema,2018-04-11 18:13:03,0,1
maticzav/graphql-shield,2018-05-24 11:54:26,0,1
invertase/firebase-firestore-fields,2017-11-14 09:08:58,0,1
Vue-cd/vue,2017-09-11 16:16:12,0,1
duplicati/duplicati,2017-09-14 17:07:07,0,1
Level/bench,2018-01-25 10:03:28,0,1
erxes/erxes-ios,2018-01-15 17:38:40,0,1
vidalfi/Modular-Admin,2017-12-08 07:31:48,0,1
typeorm/typeorm,2017-10-11 16:49:41,0,1
Felipe-BP/api-heroes-nest-mongo,2017-05-23 16:28:54,0,1
sabondano/elixirconf-2018,2017-08-14 15:56:20,0,1
APIs-guru/openapi-directory,2018-02-20 11:00:51,0,1
js-ru/redux-saga-ru,2017-01-02 18:47:36,0,1
chaijs/chai,2016-06-27 16:54:52,0,1
afertil/nest-chat-api,2017-05-23 16:28:54,0,1
journal-club/wiki,2017-10-05 05:09:44,0,1
RealEstateWebTools/property_web_scraper,2017-12-19 20:53:15,0,1
docpad/docpad-plugin-marked,2016-11-12 03:48:22,0,1
JulianNorton/weather-10kb-wxkb,2017-05-01 10:16:30,0,1
bevry/typechecker,2016-11-12 03:48:22,0,1
DisposaBoy/GoSublime,2018-01-16 02:46:51,0,1
bevry/cson,2016-11-12 03:48:22,0,1
gaearon/react-hot-loader,2018-03-03 05:59:44,0,1
cmosguy/react-redux-auth0,2016-05-21 18:10:43,0,1
phalcon/cphalcon,2017-03-27 15:12:02,0,1
zalmoxisus/redux-devtools-extension,2016-11-03 11:52:23,0,1
sinonjs/samsam,2017-02-10 12:17:11,0,1
demopark/koa-docs-Zh-CN,2016-06-16 09:21:55,0,1
ampedandwired/html-webpack-plugin,2018-03-27 18:39:21,0,1
sinonjs/formatio,2017-02-10 12:17:11,0,1
iview/iview,2018-07-01 22:40:00,0,1
bitriddler/react-tutorials,2016-05-27 16:37:47,0,1
yemiwebby/bookstore-nest,2017-05-23 16:28:54,0,1
TypedProject/ts-express-decorators,2018-03-14 09:56:31,0,1
bevry/envfile,2016-11-12 03:48:22,0,1
adnanh/webhook,2017-09-20 23:35:12,0,1
bevry/pluginclerk,2016-11-12 03:48:22,0,1
Level/deferred-leveldown,2018-01-25 10:03:28,0,1
schnelleio/redux-saga-offline-images,2016-05-27 16:37:47,0,1
cyclejs/cycle-core,2016-09-20 04:31:40,0,1
isomorphic-git/isomorphic-git,2018-05-15 14:27:52,0,1
verdaccio/ui,2018-05-03 18:26:59,0,1
ponsonio-aurea/rubocop,2017-01-06 17:50:13,0,1
preactjs/preact,2016-11-29 16:13:55,0,1
nestjs/typeorm,2017-05-23 16:28:54,0,1
spyder-ide/spyder-plugin-cookiecutter,2017-11-20 17:26:47,0,1
AvaloniaUI/Avalonia,2017-12-10 08:22:11,0,1
zhongzf/Xamarin.Forms.Platform.AvaloniaUI,2017-12-10 08:22:11,0,1
nestjs/nest-cli,2017-05-23 16:28:54,0,1
docpad/docpad-plugin-styl,2016-11-12 03:48:22,0,1
sandeepmistry/noble,2016-09-17 10:38:27,0,1
invertase/docker-react-native-firebase-android,2017-11-14 09:08:58,0,1
docpad/docpad-plugin-browserifydocs,2016-11-12 03:48:22,0,1
ChangJoo-Park/nest-docs-ko,2017-05-23 16:28:54,0,1
Level/concat-iterator,2018-01-25 10:03:28,0,1
maximenz/Kaku,2017-05-17 06:17:21,0,1
BioJulia/Bio.jl,2018-02-26 04:51:22,0,1
rofrischmann/bredon,2017-09-12 02:50:30,0,1
WeiFei365/react-boilerplate-3.5.0,2016-05-27 16:37:47,0,1
BioJulia/BioSymbols.jl,2018-02-26 04:51:22,0,1
PumpkinDB/PumpkinDB,2017-03-12 16:00:51,0,1
DACHFest/dachfest.com,2018-01-26 01:38:32,0,1
beaussart/nest-onion-boilerplate,2017-05-23 16:28:54,0,1
streetmix/streetmix,2016-09-20 11:00:20,0,1
sahat/satellizer,2016-07-28 22:00:19,0,1
philippschladitz/image-hub-backend,2017-05-23 16:28:54,0,1
spyder-ide/lektor-icon,2017-11-20 17:26:47,0,1
MaxCDN/bootstrapcdn,2018-06-13 13:12:38,0,1
cult-of-coders/redis-oplog,2017-11-21 11:04:54,0,1
YOURLS/YOURLS,2017-05-02 08:30:56,0,1
mitls/mitls-curl,2018-04-06 19:05:15,0,1
SixLabors/ImageSharp.Web,2017-04-10 01:32:51,0,1
anyong/react-rally-17,2016-10-15 11:48:09,0,1
sinonjs/referee-sinon,2017-02-10 12:17:11,0,1
darkreader/darkreader,2018-03-13 04:01:17,0,1
cypress-io/cypress,2018-06-28 12:50:26,0,1
securingsincity/react-ace,2017-05-26 15:00:58,0,1
695954085/order-system,2017-05-23 16:28:54,0,1
redom/redom,2018-03-05 04:31:25,0,1
Level/abstract-leveldown,2018-01-25 10:03:28,0,1
jbeard4/SCION,2018-06-11 17:34:31,0,1
damaera/produktif,2016-05-27 16:37:47,0,1
nestjs/graphql,2017-05-23 16:28:54,0,1
verdaccio/website,2018-05-03 18:26:59,0,1
mohiva/play-silhouette,2016-07-16 22:34:21,0,1
meteor/blaze,2016-09-28 13:30:44,0,1
nestjs/swagger,2017-05-23 16:28:54,0,1
cxxxr/lem,2017-10-18 13:38:27,0,1
spyder-ide/pywinpty,2017-11-20 17:26:47,0,1
onevcat/Kingfisher,2017-07-02 01:21:21,0,1
mdoury/nestjs-auth-starter-kit,2017-05-23 16:28:54,0,1
nuxt/opencollective,2017-05-11 08:54:17,0,1
minutemen/silhouette,2016-07-16 22:34:21,0,1
UniversalViewer/universalviewer,2017-06-02 12:56:37,0,1
LearnBoost/socket.io,2017-05-09 02:56:43,0,1
yeoman/generator-node,2015-12-14 17:09:10,0,1
docpad/docpad-plugin-livereload,2016-11-12 03:48:22,0,1
docpad/docpad-plugin-paged,2016-11-12 03:48:22,0,1
erxes/erxes-widgets,2018-01-15 17:38:40,0,1
go-gitea/gitea,2018-05-03 20:57:23,0,1
developit/preact,2016-11-29 16:13:55,0,1
wein3967/DIM,2017-02-09 00:32:11,0,1
bevry/textextensions,2016-11-12 03:48:22,0,1
cboard-org/cboard,2018-02-19 17:04:43,0,1
SyedAman/kriegstudios.com,2016-05-21 18:10:43,0,1
rubenCodeforges/ng-tutorial-blog-api,2017-05-23 16:28:54,0,1
ifaim/nestjs-express-cassandra,2017-05-23 16:28:54,0,1
verdaccio/file-locking,2018-05-03 18:26:59,0,1
bevry/istextorbinary,2016-11-12 03:48:22,0,1
coppolaf/tb3-rails5,2017-03-24 11:36:59,0,1
anticensority/runet-censorship-bypass,2018-04-26 08:30:16,0,1
MoePlayer/APlayer,2017-12-18 02:42:17,0,1
etewiah/property_web_builder,2017-12-19 20:53:15,0,1
pastelsky/bundlephobia,2018-07-24 07:32:25,0,1
bevry/ambi,2016-11-12 03:48:22,0,1
getdersim/mobil,2017-11-14 09:08:58,0,1
fibodite/licence,2018-05-03 20:57:23,0,1
grommet/grommet-react-boilerplate,2016-05-27 16:37:47,0,1
colmena/colmena,2017-10-26 18:44:22,0,1
styleguidist/react-styleguidist,2018-01-23 09:29:46,0,1
gitpoint/git-point,2017-10-13 11:37:14,0,1
boogunote/mevoco-client,2016-05-27 16:37:47,0,1
Code4Yokohama/code4.yokohama,2017-02-01 01:23:29,0,1
Level/webpack-starter,2018-01-25 10:03:28,0,1
NekR/offline-plugin,2017-03-24 09:15:22,0,1
bevry/jordanbpeterson.community,2016-11-12 03:48:22,0,1
cucumber/cucumber-js,2017-06-23 08:25:54,0,1
malcommac/UAParserSwift,2016-06-06 18:24:12,0,1
joelbarbosa/redux-saga-pt_BR,2017-01-02 18:47:36,0,1
dakk/lavorare-opensource,2016-04-01 10:34:11,0,1
docpad/docpad-plugin-gist,2016-11-12 03:48:22,0,1
npmdoc/node-npmdoc-babel,2017-04-01 12:52:19,0,1
anmonteiro/lumo,2017-05-01 13:23:16,0,1
Level/level-rocksdb,2018-01-25 10:03:28,0,1
luuquangminh/google_book_react_redux_saga,2016-05-27 16:37:47,0,1
thedaviddias/Front-End-Performance-Checklist,2017-12-26 08:33:30,0,1
ElemeFE/element,2017-01-25 13:29:40,0,1
BioJulia/BioSequenceGraphs.jl,2018-02-26 04:51:22,0,1
bevry/hooks,2016-11-12 03:48:22,0,1
bevry/website,2016-11-12 03:48:22,0,1
bevry/memo,2016-11-12 03:48:22,0,1
reactiveui/punchclock,2017-03-21 15:08:37,0,1
infinitered/addon-storyshots,2017-06-10 13:17:33,0,1
spyder-ide/spyder-vim,2017-11-20 17:26:47,0,1
danrejsa/restfulApi-nodejs-express-mongodb,2017-05-25 08:39:41,0,1
marktext/marktext,2018-05-08 14:24:53,0,1
siteplace/ccxt,2018-01-17 15:56:56,0,1
LambdaSchool/Getting-Started,2017-12-07 15:28:06,0,1
BioJulia/BioSequences.jl,2018-02-26 04:51:22,0,1
etewiah/pwb-themes-base,2017-12-19 20:53:15,0,1
QubesOS/qubesos.github.io,2016-11-21 14:22:13,0,1
nestjs/javascript-starter,2017-05-23 16:28:54,0,1
jfairbank/_redux-saga-router_5,2016-05-27 16:37:47,0,1
aldeed/simple-schema-js,2018-04-11 18:13:03,0,1
Muterra/py_hypergolix_demos,2016-06-22 02:04:42,0,1
dbratsun/olive-backend,2017-05-23 16:28:54,0,1
spyder-ide/qtsass,2017-11-20 17:26:47,0,1
jingweno/jqplay,2017-05-01 17:13:53,0,1
xwiki-labs/cryptpad,2018-07-06 10:16:49,0,1
rubocop-hq/rubocop,2017-01-06 17:50:13,0,1
docpad/docpad-plugin-pug,2016-11-12 03:48:22,0,1
docpad/docpad-plugin-related,2016-11-12 03:48:22,0,1
openwhyd/openwhyd,2017-05-10 10:35:37,0,1
choojs/choo,2016-07-18 19:46:04,0,1
Level/memdown,2018-01-25 10:03:28,0,1
aladdin83/no-angular-fullstack,2016-04-18 18:24:32,0,1
freshOS/AssetChecker,2017-10-20 10:37:14,0,1
nathancahill/Split.js,2018-01-16 12:29:08,0,1
Dattaya/react-boilerplate-object,2016-05-27 16:37:47,0,1
spyder-ide/qtpy,2017-11-20 17:26:47,0,1
huangyuan9/permission,2017-04-12 13:37:32,0,1
danielskatz/sustaining-research-projects,2016-04-01 10:34:11,0,1
bevry/joe,2016-11-12 03:48:22,0,1
nestjs/jwt,2017-05-23 16:28:54,0,1
CaptainFact/captain-fact-overlay-injector,2018-05-31 05:26:13,0,1
techiediaries/nestjs-upload-serve-file,2017-05-23 16:28:54,0,1
buttercup/buttercup-mobile,2017-10-23 03:59:32,0,1
dreambo8563/RSK-Mobx-SSR,2016-05-21 18:10:43,0,1
awesome-emacs/cider,2017-01-06 12:52:08,0,1
bevry/getrepos,2016-11-12 03:48:22,0,1
Humanitarian-AI/Microgrant-Fund,2018-07-07 22:53:09,0,1
invertase/react-native-firebase-starter,2017-11-14 09:08:58,0,1
developers-youcong/Settings-Sync-Plus,2018-03-20 09:17:26,0,1
andykenward/react-boilerplate-no-router,2016-05-27 16:37:47,0,1
allure-framework/allure2,2017-07-12 10:54:14,0,1
bevry/taskgroup,2016-11-12 03:48:22,0,1
final-form/react-final-form-hooks,2018-03-02 11:34:28,0,1
docpad/docpad-plugin-livescript,2016-11-12 03:48:22,0,1
ff4j/ff4j,2018-01-04 00:18:35,0,1
bevry/badges,2016-11-12 03:48:22,0,1
spencercope/g7-web-services,2017-05-23 16:28:54,0,1
skatejs/skatejs,2017-02-03 00:27:43,0,1
Strider-CD/strider,2017-05-15 11:24:25,0,1
wwcodemanila/WWCodeManila-HTML.CSS,2017-04-17 16:41:00,0,1
sinonjs/referee,2017-02-10 12:17:11,0,1
DaDlugosch/u2,2017-11-28 12:36:30,0,1
bevry/caterpillar,2016-11-12 03:48:22,0,1
pact-foundation/pact-ruby,2018-05-18 05:44:21,0,1
club-react/react-boilerplate-material-ui,2016-05-27 16:37:47,0,1
josephfrazier/Reported-Web,2016-05-21 18:10:43,0,1
freshOS/Router,2017-10-20 10:37:14,0,1
KKMrTan/react-gatsby,2016-09-13 05:19:54,0,1
Level/electron-demo,2018-01-25 10:03:28,0,1
Level/mem,2018-01-25 10:03:28,0,1
kriasoft/react-static-boilerplate,2016-05-03 12:50:29,0,1
benawad/nest-mongo-graphql,2017-05-23 16:28:54,0,1
ngrx/platform,2017-07-18 13:14:03,0,1
olistic/warriorjs,2018-05-08 15:29:36,0,1
badges/shields,2017-12-02 05:59:33,0,1
CaptainKO/angularPWA,2018-05-21 05:04:36,0,1
BioJulia/FASTX.jl,2018-02-26 04:51:22,0,1
CaptainFact/captainfact-discord-bot,2018-05-31 05:26:13,0,1
file-icons/atom,2018-07-16 13:14:08,0,1
Humanitarian-AI/Pizza-fund,2017-10-03 12:56:34,0,1
ory/hydra,2018-04-11 03:08:09,0,1
bevry/native-promise-pool,2016-11-12 03:48:22,0,1
xugy0926/shuoriyu,2016-05-21 18:10:43,0,1
react-native-training/react-native-elements,2017-04-16 03:36:50,0,1
EugenePizzerbert/Node-best-1,2017-10-05 05:09:44,0,1
wwcodemanila/WWCodeManila-JavaScript,2017-04-17 16:41:00,0,1
bevry/editions,2016-11-12 03:48:22,0,1
cssinjs/jss,2017-06-05 17:41:05,0,1
nestjs/docs.nestjs.com,2017-05-23 16:28:54,0,1
ycai2/visual-git-stats,2017-05-06 18:25:58,0,1
Muterra/py_hypergolix,2016-06-22 02:04:42,0,1
compodoc/website,2018-04-15 03:27:37,0,1
frontMoment/koa-analyze,2016-06-16 09:21:55,0,1
adl1995/4chan-react-clone,2016-05-27 16:37:47,0,1
phengemuhle/UdemyReactNative,2017-05-26 12:36:34,0,1
xoxefdp/nestjs-webpack,2017-05-23 16:28:54,0,1
codebuddies/codebuddies,2016-10-10 17:47:55,0,1
erxes/erxes-widgets-api,2018-01-15 17:38:40,0,1
WebReflection/hyperhtml,2018-01-25 21:01:56,0,1
mask-dsn/mask-electron,2017-05-06 18:25:58,0,1
GetPublii/Publii,2018-07-07 01:57:51,0,1
docpad/docpad-plugin-umd,2016-11-12 03:48:22,0,1
DevOpsTerminal/frontend,2017-07-04 06:31:05,0,1
kaproslaci/colyseus-without-sync,2017-06-17 09:54:51,0,1
docpad/docpad-plugin-cleanurls,2016-11-12 03:48:22,0,1
invertase/react-native-firebase,2017-11-14 09:08:58,0,1
wwcodemanila/WWCodeManila-PHP,2017-04-17 16:41:00,0,1
tomwayson/esri-loader-react-starter-kit,2016-05-21 18:10:43,0,1
remy/nodemon,2017-12-07 15:28:06,0,1
redmyers/484_P7_1-GUI,2016-04-25 10:42:04,0,1
warecrer/SPLIT,2017-02-24 19:38:45,0,1
mabyabt/bludit,2018-01-16 13:16:21,0,1
rom-rb/rom,2017-05-15 13:44:54,0,1
Winplaybox/websitebuilder,2017-10-03 00:04:28,0,1
Fody/Fody,2017-12-29 03:27:24,0,1
docpad/docpad-plugin-handlebars,2016-11-12 03:48:22,0,1
alexander812/mobx-pack,2016-11-21 16:44:06,0,1
yeoman/generator,2015-12-14 17:09:10,0,1
bevry/watchr,2016-11-12 03:48:22,0,1
Muterra/py_daemoniker,2016-06-22 02:04:42,0,1
verdaccio/verdaccio-memory,2018-05-03 18:26:59,0,1
spyder-ide/spyder,2017-11-20 17:26:47,0,1
kriasoft/babel-starter-kit,2016-05-03 12:54:19,0,1
guanhui07/tpackage,2018-05-31 04:33:42,0,1
docpad/docpad-plugin-highlightjs,2016-11-12 03:48:22,0,1
openulmus/openulmus.org,2017-11-16 10:54:46,0,1
nuxt/nuxt.js,2017-05-11 08:54:17,0,1
getgrav/grav,2017-02-01 01:23:29,0,1
wwx193433/react-native-beauti-image-picker,2017-09-27 20:02:41,0,1
kondoSoft/react-car-rental,2016-05-27 16:37:47,0,1
cucumber/cucumber-ruby,2017-06-23 08:25:54,0,1
simonmichael/hledger,2017-01-20 14:21:45,0,1
accounts-js/accounts,2018-07-22 21:39:35,0,1
LostInBrittany/DevFestBdM-2019,2018-01-26 01:38:32,0,1
Atyantik/pawjs,2017-10-17 22:13:38,0,1
storybooks/storybook-package,2017-06-10 13:17:33,0,1
keishabien/cec,2018-01-22 22:47:16,0,1
ODIQueensland/data-curator,2017-06-23 08:25:54,0,1
bevry/cachely,2016-11-12 03:48:22,0,1
wwcodemanila/WWCodeManila-Ruby.RubyOnRails,2017-04-17 16:41:00,0,1
bevry/daet,2016-11-12 03:48:22,0,1
SpinaCMS/Spina,2017-12-05 12:18:01,0,1
docpad/docpad-plugin-coffeekup,2016-11-12 03:48:22,0,1
flowtype/flow-for-vscode,2018-03-13 13:11:56,0,1
BoostIO/boostnote-mobile,2017-10-25 10:40:40,0,1
BoostIO/Boostnote,2017-10-25 10:40:40,0,1
newbeescm/beescmFE,2017-01-25 13:29:40,0,1
ChrisRM/material-theme-jetbrains,2018-04-26 12:06:02,0,1
NIT-Hamirpur-NITH/glugWebsite,2017-02-01 01:23:29,0,1
fountainjs/generator-fountain-webapp,2016-07-03 20:45:24,0,1
Level/level-ws,2018-01-25 10:03:28,0,1
tabulapdf/tabula-java,2016-04-25 10:42:04,0,1
docpad/docpad-plugin-assets,2016-11-12 03:48:22,0,1
Level/errors,2018-01-25 10:03:28,0,1
apicra/devops,2018-01-23 04:50:11,0,1
jsonmvc/jsonmvc,2018-06-22 14:40:19,0,1
sandeepmistry/arduino-nRF5,2018-03-13 07:27:05,0,1
BioJulia/BioAlignments.jl,2018-02-26 04:51:22,0,1
docpad/docpad-plugin-sitemap,2016-11-12 03:48:22,0,1
gocolly/colly,2018-02-08 18:54:53,0,1
noble/noble,2016-09-17 10:38:27,0,1
tenancy/framework,2018-02-15 07:39:46,0,1
cucumber/cucumber,2017-06-23 08:25:54,0,1
reactiveui/ReactiveUI,2017-03-21 15:08:37,0,1
jhipster/generator-jhipster,2017-12-04 12:37:57,0,1
facebook/Docusaurus,2018-07-26 22:20:26,0,1
nestjs/passport,2017-05-23 16:28:54,0,1
RagtagOpen/bidwire,2017-02-10 17:36:58,0,1
equinusocio/vsc-material-theme,2018-04-26 11:27:55,0,1
ComBarnea/nestjs-boilerplate,2017-05-23 16:28:54,0,1
angular-pakistan/ng-conf-2017,2016-10-15 11:48:09,0,1
FaztWeb/nestjs-products-api,2017-05-23 16:28:54,0,1
koajs/koa,2016-06-16 09:21:55,0,1
docpad/docpad-plugin-haml,2016-11-12 03:48:22,0,1
react-boilerplate/react-boilerplate,2016-05-27 16:37:47,0,1
WebReflection/donate,2018-01-25 21:01:56,0,1
Level/level,2018-01-25 10:03:28,0,1
docpad/docpad-plugin-uglify,2016-11-12 03:48:22,0,1
Samox/dojo-event-sourcing-cqrs,2017-05-23 16:28:54,0,1
verdaccio/local-storage,2018-05-03 18:26:59,0,1
mobxjs/mst-gql,2016-11-21 16:44:06,0,1
weddingwire/imaginary,2017-01-27 05:02:21,0,1
subutai-io/documentation,2017-02-01 01:23:29,0,1
rgbkrk/nodebook,2017-05-06 18:25:58,0,1
selmanozturk/Scoin4You,2017-12-02 05:59:33,0,1
wwcodemanila/WWCodeManila-iOS,2017-04-17 16:41:00,0,1
0xchamin/AI-Presentation,2017-10-13 11:37:14,0,1
nestjs/nestjs.com,2017-05-23 16:28:54,0,1
nestjs/typescript-starter,2017-05-23 16:28:54,0,1
chaddoy/react-antd-boilerplate,2016-05-27 16:37:47,0,1
darkprize/camerakit,2017-11-10 01:03:30,0,1
Bernardstanislas/dojo-cqrs-nest,2017-05-23 16:28:54,0,1
docpad/docpad-plugin-raw,2016-11-12 03:48:22,0,1
nerves-project/nerves,2017-08-14 15:56:20,0,1
nFnK/tntsearch,2018-07-12 14:13:41,0,1
joehua87/redux-crud-example,2016-05-27 16:37:47,0,1
Level/level-js,2018-01-25 10:03:28,0,1
AudioKit/AudioKitSynthOne,2018-04-27 06:51:04,0,1
Clipy/Clipy,2017-05-11 11:26:43,0,1
wenzhixin/bootstrap-table,2018-01-15 17:49:33,0,1
nestjs/schematics,2017-05-23 16:28:54,0,1
streamlink/streamlink,2017-09-15 12:52:41,0,1
Fody/Home,2017-12-29 03:27:24,0,1
codesandbox/codesandbox-client,2018-05-04 13:41:41,0,1
TryGhost/Ghost,2018-07-16 20:06:14,0,1
facebook/docusaurus,2018-07-26 22:20:26,0,1
gulpjs/gulp,2016-06-15 04:41:07,0,1
sahat/megaboilerplate,2016-06-15 10:28:13,0,1
phanan/koel,2016-07-10 00:12:12,0,1
bootstrap-vue/bootstrap-vue,2017-11-13 14:51:05,0,1
bevry/csextends,2016-11-12 03:48:22,0,1
idyll-lang/idyll,2017-09-27 04:55:50,0,1
erxes/erxes,2018-01-15 17:38:40,0,1
Level/level-hyper,2018-01-25 10:03:28,0,1
librenms/librenms,2017-06-07 05:34:49,0,1
source-foundry/inc,2016-10-15 11:48:09,0,1
sinonjs/nise,2017-02-10 12:17:11,0,1
freshOS/Localize,2017-10-20 10:37:14,0,1
cucumber/cucumber-jvm-jython,2017-06-23 08:25:54,0,1
amurzeau/streamlink-debian,2017-09-15 12:52:41,0,1
gdljs/gdljs,2016-08-09 13:54:29,0,1
tessel/project,2016-06-22 15:06:36,0,1
jscad/OpenJSCAD.org,2017-10-27 08:39:58,0,1
william-morgan/babble,2017-01-30 15:58:02,0,1
verdaccio/verdaccio-htpasswd,2018-05-03 18:26:59,0,1
indieweb/wordpress-indieauth,2017-03-29 20:02:22,0,1
kriasoft/react-starter-kit,2016-05-21 18:10:43,0,1
BioJulia/IntervalTrees.jl,2018-02-26 04:51:22,0,1
bevry/projectz,2016-11-12 03:48:22,0,1
strapi/strapi,2018-05-25 15:29:12,0,1
balta-io/1980,2017-05-23 16:28:54,0,1
kriasoft/react-firebase-starter,2016-05-03 12:50:29,0,1
TimurRK/nestjs-example,2017-05-23 16:28:54,0,1
Level/leveldown-hyper,2018-01-25 10:03:28,0,1
HughIsaacs2/DatPart,2017-07-28 16:11:13,0,1
zooter68/OctoLinky,2017-08-13 15:58:49,0,1
machaosuper/vux_learn,2017-03-11 13:08:06,0,1
sean-stanley/dndCombat,2016-05-27 16:37:47,0,1
cezerin/cezerin,2018-05-26 06:38:20,0,1
caiyue1993/IceCream,2018-01-02 21:44:26,0,1
baoleilei/nest-blog,2017-05-23 16:28:54,0,1
danielmlc/blogServer,2017-05-23 16:28:54,0,1
keajs/kea,2017-10-18 06:52:13,0,1
VulcanJS/Vulcan,2018-07-11 04:05:54,0,1
uraimo/awesome-software-patreons,2017-09-14 17:07:07,0,1
werbug/webpack,2016-10-15 11:48:09,0,1
deboraornellas/nestjs-testing,2017-05-23 16:28:54,0,1
verdaccio/verdaccio-aws-s3-storage,2018-05-03 18:26:59,0,1
SilentCicero/react-dapp-boilerplate,2016-05-27 16:37:47,0,1
Level/codec,2018-01-25 10:03:28,0,1
neuecc/UniRx,2018-07-10 20:59:14,0,1
docpad/docpad-plugin-multiplelayouts,2016-11-12 03:48:22,0,1
relax/relax,2016-12-17 13:08:52,0,1
localstack/localstack,2017-09-20 16:02:33,0,1
verdaccio/verdaccio,2018-05-03 18:26:59,0,1
erxes/erxes-ios-sdk,2018-01-15 17:38:40,0,1
balupton/website,2016-11-12 03:48:22,0,1
wwcodemanila/WWCodeManila-Android,2017-04-17 16:41:00,0,1
mikecrittenden/savage-adulting,2017-02-01 01:23:29,0,1
tim-soft/react-starter-kit-antd,2016-05-21 18:10:43,0,1
goby-lang/goby,2017-05-30 10:45:22,0,1
cyclejs/cyclejs,2016-09-20 04:31:40,0,1
teamtnt/tntsearch,2018-07-12 14:13:41,0,1
william-morgan/trackchat,2017-01-30 15:58:02,0,1
z-song/laravel-admin,2018-05-31 04:33:42,0,1
Level/compose,2018-01-25 10:03:28,0,1
anifullstack/apollo-lab5,2017-11-07 05:34:42,0,1
mui-org/material-ui,2017-03-26 13:18:24,0,1
karantin2020/readline,2016-02-28 12:18:31,0,1
storybookjs/storybook,2017-06-10 13:17:33,0,1
spyder-ide/website-spyder,2017-11-20 17:26:47,0,1
spyder-ide/spyder-unittest,2017-11-20 17:26:47,0,1
beakerbrowser/homebase,2017-07-28 16:11:13,0,1
beakerbrowser/beaker,2017-07-28 16:11:13,0,1
TutupSalep/React-Native-Starter,2017-11-14 09:08:58,0,1
Blacate/dwz,2017-05-23 16:28:54,0,1
XOOPS/XoopsCore25,2018-03-03 13:43:17,0,1
react-spring/react-spring,2018-07-20 16:10:15,0,1
MikeMcl/big.js,2018-06-01 13:10:05,0,1
go-task/task,2018-04-23 11:30:55,0,1
BioJulia/BioCore.jl,2018-02-26 04:51:22,0,1
badges/daily-tests,2017-12-02 05:59:33,0,1
ifmeorg/ifme,2017-10-23 13:42:15,0,1
KELiON/cerebro,2017-02-07 03:23:49,0,1
erxes/erxes-api,2018-01-15 17:38:40,0,1
tabulapdf/tabula,2016-04-25 10:42:04,0,1
danrejsa/restful-api-node.js-express-,2017-05-25 08:39:41,0,1
camleavitt/dokku,2016-06-18 19:18:38,0,1
openfarmcc/OpenFarm,2016-06-16 13:40:07,0,1
michiganpython/MiPEP,2018-05-23 09:37:37,0,1
crazychicken/t-scroll,2017-06-21 10:46:52,0,1
clarketm/connect-react-starter-kit,2016-05-21 18:10:43,0,1
Level/iterator-stream,2018-01-25 10:03:28,0,1
discourse/wp-discourse,2017-03-10 02:43:22,0,1
dreamworld1101/nodemailer,2018-01-18 13:20:55,0,1
nock/welcome,2018-04-27 15:33:16,0,1
mousumi-dualcube/gitSharedreact,2017-01-13 05:16:23,0,1
bevry/extendr,2016-11-12 03:48:22,0,1
mybb/mybb,2018-03-28 17:14:27,0,1
mui-org/material-ui-docs,2017-03-26 13:18:24,0,1
gdgzh/devfest18-website,2018-01-26 01:38:32,0,1
diegomura/react-pdf,2017-06-06 13:11:19,0,1
dmarg/employee-directory-nest,2017-05-23 16:28:54,0,1
foodbutton/website-react,2016-05-27 16:37:47,0,1
Level/encoding-down,2018-01-25 10:03:28,0,1
getfider/fider,2018-04-16 16:38:59,0,1
bevry/start-of-week,2016-11-12 03:48:22,0,1
nestjs/elasticsearch,2017-05-23 16:28:54,0,1
jadejs/jade,2017-04-01 15:29:10,0,1
reactiveui/Sextant,2017-03-21 15:08:37,0,1
2muchcoffeecom/nest-uploadfile-react,2017-05-23 16:28:54,0,1
kelvinbe/pet-api,2017-05-23 16:28:54,0,1
natario1/CameraView,2018-02-28 19:01:28,0,1
spyder-ide/spyder-notebook,2017-11-20 17:26:47,0,1
xDae/styled-bootstrap,2017-12-12 00:31:13,0,1
goreleaser/nfpm,2018-02-20 10:54:04,0,1
gliderlabs/ssh,2017-11-03 16:14:08,0,1
vanila-io/wireflow,2017-12-04 05:30:35,0,1
docpad/docpad-plugin-cachr,2016-11-12 03:48:22,0,1
docpad/docpad-plugin-cleancss,2016-11-12 03:48:22,0,1
sobolevn/git-secret,2018-05-01 01:23:26,0,1
afertil/nest-rest-api,2017-05-23 16:28:54,0,1
Muterra/py_loopa,2016-06-22 02:04:42,0,1
docpad/docpad-plugin-partials,2016-11-12 03:48:22,0,1
drcmda/react-spring,2018-07-20 16:10:15,0,1
cdiaz/nest-neo4j,2017-05-23 16:28:54,0,1
coderaiser/cloudcmd,2017-09-22 09:12:52,0,1
benjefferies/nanotifyapp,2017-11-14 09:08:58,0,1
Level/subleveldown,2018-01-25 10:03:28,0,1
wwcodemanila/WWCodeManila-VueJS,2017-04-17 16:41:00,0,1
ravikumarrajasimhan/funretro,2017-07-14 15:34:11,0,1
BioJulia/BioTools.jl,2018-02-26 04:51:22,0,1
final-form/react-final-form,2018-03-02 11:34:28,0,1
phenomic/phenomic,2016-12-14 13:27:49,0,1
WebReflection/lightercollective,2018-01-25 21:01:56,0,1
ddanninger/mautic-plugin-grapesbuilder,2017-10-03 00:04:28,0,1
foxhound87/mobx-react-form,2018-06-01 13:11:11,0,1
juangonzaq/nestjs-ddd,2017-05-23 16:28:54,0,1
orizens/ngx-infinite-scroll,2018-02-21 17:42:00,0,1
jjzhang166/LCUI,2017-03-12 10:12:05,0,1
revery-ui/revery,2017-11-09 15:31:44,0,1
FountainJS/generator-fountain-webapp,2016-07-03 20:45:24,0,1
ax5ui/ax5ui-kernel,2017-04-06 21:54:35,0,1
chriszrc/nestjs-typescript-starter-postgres,2017-05-23 16:28:54,0,1
Level/rocksdb,2018-01-25 10:03:28,0,1
Level/browserify-starter,2018-01-25 10:03:28,0,1
spyder-ide/gettext-helpers,2017-11-20 17:26:47,0,1
jantimon/html-webpack-plugin,2018-03-27 18:39:21,0,1
wikimedia/operations-software-librenms,2017-06-07 05:34:49,0,1
react-native-community/react-native-camera,2017-05-26 12:36:34,0,1
PowerMobileWeb/react-native-image-crop-picker,2017-09-27 20:02:41,0,1
stylelint/stylelint,2018-04-10 14:55:24,0,1
OpenKitten/MongoKitten,2017-02-18 13:33:15,0,1
hibbitts-design/grav-skeleton-course-hub-site,2017-02-01 01:23:29,0,1
RxJS-CN/ngrx-docs-cn,2017-07-18 13:14:03,0,1
docpad/docpad-plugin-feedr,2016-11-12 03:48:22,0,1
styled-components/styled-components,2018-02-07 06:25:37,0,1
togglz/togglz,2017-07-08 13:25:39,0,1
yeoman/yo,2015-12-14 17:09:10,0,1
kostis-codefresh/nestjs-example,2017-05-23 16:28:54,0,1
redux-saga/redux-saga,2017-01-02 18:47:36,0,1
UXSoc/playbook,2018-07-26 22:20:26,0,1
apex/apex,2016-03-07 21:43:29,0,1
infernojs/inferno,2018-02-13 20:12:18,0,1
CaptainFact/captain-fact-api,2018-05-31 05:26:13,0,1
pedronauck/docz,2018-08-08 14:18:15,0,1
docpad/docpad-plugin-downloader,2016-11-12 03:48:22,0,1
reactiveui/Akavache,2017-03-21 15:08:37,0,1
Level/lazy-open,2018-01-25 10:03:28,0,1
loiane/nestjs-node-mongo-crud,2017-05-23 16:28:54,0,1
tonymanpro/NestJs,2017-05-23 16:28:54,0,1
freshOS/Stevia,2017-10-20 10:37:14,0,1
peers/peerjs,2018-08-08 10:50:59,0,1
visjs-community/visjs-network,2018-03-31 02:38:06,0,1
Level/awesome,2018-01-25 10:03:28,0,1
webpack-contrib/awesome-webpack,2016-10-15 11:48:09,0,1
DemocracyEarth/sovereign,2016-05-22 19:21:55,0,1
webpack/webpack,2016-10-15 11:48:09,0,1
Dolibarr/dolibarr,2018-05-31 13:53:09,0,1
bevry/binaryextensions,2016-11-12 03:48:22,0,1
CaptainFact/captain-fact-extension,2018-05-31 05:26:13,0,1
lidarr/Lidarr,2018-05-27 21:49:51,0,1
lalitv92/lalitv92.github.io,2018-07-31 10:49:15,0,1
MoOx/phenomic,2016-12-14 13:27:49,0,1
AudioKit/AudioKit,2018-04-27 06:51:04,0,1
go-xorm/xorm,2018-05-11 04:13:46,0,1
mateeyow/sizzy-docker,2017-04-30 02:47:36,0,1
kelvin-mai/nest-ideas-api,2017-05-23 16:28:54,0,1
docpad/docpad-plugin-tags,2016-11-12 03:48:22,0,1
docpad/docpad-plugin-ghpages,2016-11-12 03:48:22,0,1
thedaviddias/Front-End-Checklist,2017-12-26 08:33:30,0,1
aperdizs/rdr2-animals,2017-05-23 16:28:54,0,1
fuse-box/fuse-box,2017-05-23 05:45:09,0,1
GDG-Nantes/devfest2018,2018-01-26 01:38:32,0,1
docpad/docpad-plugin-services,2016-11-12 03:48:22,0,1
matthewmueller/x-ray,2017-01-19 18:52:20,0,1
docpad/docpad-plugin-consolidate,2016-11-12 03:48:22,0,1
apex/up,2017-08-11 03:51:56,0,1
hd4niel/spektrumapp,2017-11-14 09:08:58,0,1
sysgears/apollo-universal-starter-kit,2017-11-07 05:34:42,0,1
Radarr/Radarr,2018-03-19 17:56:07,0,1
zodern/meteor-up,2017-09-08 13:34:33,0,1
invertase/sails-firebase-auth,2017-11-14 09:08:58,0,1
cheeriojs/cheerio,2016-09-24 17:34:28,0,1
jinzhu/gorm,2018-03-08 05:13:16,0,1
cdiaz/nest-job-queue,2017-05-23 16:28:54,0,1
pandabrand/acantrell-trellis,2017-11-30 12:29:47,0,1
jajaperson/nestjs-auth0,2017-05-23 16:28:54,0,1
Turfjs/turf,2018-03-01 17:17:27,0,1
WonderPanda/nestjs-microservice-architecture,2017-05-23 16:28:54,0,1
tareefdev/lets-support-emacs,2017-01-06 12:52:08,0,1
nathancahill/split,2018-01-16 12:29:08,0,1
democratech/LaPrimaire,2015-12-19 19:00:00,0,1
bevry/valid-directory,2016-11-12 03:48:22,0,1
compodoc/compodoc,2018-04-15 03:27:37,0,1
invertase/denque,2017-11-14 09:08:58,0,1
imolorhe/altair,2018-04-09 16:55:13,0,1
bvaughn/react-virtualized,2016-06-22 20:00:34,0,1
EdselNicolas/crud-jwt-nestjs-mongoose,2017-05-23 16:28:54,0,1
WomenWhoCode/WWCodeMedellin,2016-11-30 15:59:29,0,1
tellform/tellform,2017-04-03 15:20:49,0,1
BeautifulTrouble/beautifulrising-client,2016-05-27 16:37:47,0,1
bevry/feedr,2016-11-12 03:48:22,0,1
docpad/docpad,2016-11-12 03:48:22,0,1
naimjeem/nestjs-mysql-crud-api,2017-05-23 16:28:54,0,1
universalviewer/universalviewer,2017-06-02 12:56:37,0,1
XOOPS/XoopsCore,2018-03-03 13:43:17,0,1
jmillermlc/elmsln,2017-11-05 09:48:43,0,1
LWJGL/lwjgl3,2017-11-08 16:38:04,0,1
nestjs/terminus,2017-05-23 16:28:54,0,1
ymmah/libpostal,2016-08-09 22:49:30,0,1
asciphx/TypeScript-ele-admin,2017-10-11 16:49:41,0,1
yeoman/generator-angular,2015-12-14 17:09:10,0,1
DIYgod/APlayer,2017-12-18 02:42:17,0,1
opencollective/opencollective-postinstall,2016-10-15 11:48:09,0,1
docpad/docpad-plugin-yourpluginname,2016-11-12 03:48:22,0,1
invertase/react-native-gradle-plugin,2017-11-14 09:08:58,0,1
OperationCode/operationcode_slashbot,2017-07-18 16:33:21,0,1
javascript-obfuscator/javascript-obfuscator,2017-06-02 08:44:38,0,1
Requarks/wiki-v1,2017-10-05 05:09:44,0,1
reactabular/reactabular,2017-05-01 19:30:34,0,1
bevry/getmac,2016-11-12 03:48:22,0,1
bevry/getcontributors,2016-11-12 03:48:22,0,1
democratech/LaPrimaireBot,2015-12-19 19:00:00,0,1
openvenues/libpostal,2016-08-09 22:49:30,0,1
mcibique/vue-date-fns,2018-04-25 16:39:26,0,1
docpad/docpad-plugin-text,2016-11-12 03:48:22,0,1
trailsjs/trails,2017-03-01 01:00:51,0,1
tkh44/emotion,2018-08-02 13:31:05,0,1
agentejo/cockpit,2017-09-05 15:55:23,0,1
bevry/event-emitter-grouped,2016-11-12 03:48:22,0,1
docpad/docpad-plugin-cson,2016-11-12 03:48:22,0,1
freshOS/Komponents,2017-10-20 10:37:14,0,1
docpad/docpad-plugin-repocloner,2016-11-12 03:48:22,0,1
final-form/final-form,2018-03-02 11:34:28,0,1
zhupingqi/RuiJi.Net,2018-08-01 19:11:18,0,1
mhkz/marry-service,2017-05-23 16:28:54,0,1
spyder-ide/spyder-docs,2017-11-20 17:26:47,0,1
zmj0920/material-warehouse,2017-05-23 16:28:54,0,1
bevry/githubauthquerystring,2016-11-12 03:48:22,0,1
artf/grapesjs,2017-10-03 00:04:28,0,1
Level/community,2018-01-25 10:03:28,0,1
sventschui/preact-ssr-prepass,2016-11-29 16:13:55,0,1
punker76/MahApps.Metro.SimpleChildWindow,2018-05-11 06:08:47,0,1
bower/bower,2017-04-06 20:12:10,0,1
openemr/openemr,2017-11-08 08:27:36,0,1
alexjlockwood/ShapeShifter,2017-10-25 20:49:54,0,1
probablyup/markdown-to-jsx,2018-07-27 21:21:21,0,1
parcel-bundler/parcel,2017-12-12 00:31:13,0,1
impactbyte-tech/learn-nestjs,2017-05-23 16:28:54,0,1
bevry/progressbar,2016-11-12 03:48:22,0,1
KalAbaddon/listd.k13.app,2017-02-01 01:23:29,0,1
BioJulia/BioServices.jl,2018-02-26 04:51:22,0,1
pugjs/then-pug,2017-04-01 15:29:10,0,1
freshOS/Arrow,2017-10-20 10:37:14,0,1
nestjs/ng-universal,2017-05-23 16:28:54,0,1
mrjoelkemp/awesome-paid-open-source,2018-06-01 15:22:22,0,1
WebStudio523/react-redux-firebase-typescript-css-js,2017-07-21 17:35:12,0,1
prescottprue/react-redux-firebase,2017-07-21 17:35:12,0,1
erxes/erxes-android-sdk,2018-01-15 17:38:40,0,1
xavism/nestjs-crud,2017-05-23 16:28:54,0,1
ory/oathkeeper,2018-04-11 03:08:09,0,1
fabiolb/fabio,2017-12-22 15:21:09,0,1
vcr/vcr,2016-05-10 13:20:09,0,1
verdaccio/streams,2018-05-03 18:26:59,0,1
Requarks/wiki,2017-10-05 05:09:44,0,1
haf/optimistic,2016-05-27 16:37:47,0,1
matthewgonzalez/fontplop,2017-11-29 02:17:08,0,1
walker89/button,2018-05-21 13:08:09,0,1
minutemen/silhouette-akka-http,2016-07-16 22:34:21,0,1
huangyongguo/bootstrap-table,2018-01-15 17:49:33,0,1
xavism/nestjs-generic-crud,2017-05-23 16:28:54,0,1
tenancy/tenancy,2018-02-15 07:39:46,0,1
suprise/mobx-cn,2016-11-21 16:44:06,0,1
docsifyjs/docsify,2018-02-10 16:51:17,0,1
docpad/docpad-plugin-sass,2016-11-12 03:48:22,0,1
PowerMobileWeb/boostnote-mobile,2017-10-25 10:40:40,0,1
buttercup/buttercup-desktop,2017-10-23 03:59:32,0,1
Fody/MethodTimer,2017-12-29 03:27:24,0,1
kitze/JSUI,2018-06-08 06:52:43,0,1
ngatl/colmena,2017-10-26 18:44:22,0,1
she110ff/nuxt-vuetify-graphql-mongoDB,2017-05-11 08:54:17,0,1
BioJulia/BioGenerics.jl,2018-02-26 04:51:22,0,1
kelvin-mai/nest-commerce,2017-05-23 16:28:54,0,1
verdaccio/verdaccio-audit,2018-05-03 18:26:59,0,1
carlosponton/ragnarok-m-afterdawn-backend,2017-05-23 16:28:54,0,1
zhangtanlin/monitor-nest,2017-05-23 16:28:54,0,1
hoaproject/Central,2018-02-15 10:52:41,0,1
commitizen/cz-cli,2018-06-06 21:58:06,0,1
reactiveui/splat,2017-03-21 15:08:37,0,1
WebReflection/hyperHTML,2018-01-25 21:01:56,0,1
EFPrefix/EFQRCode,2017-12-14 01:41:55,0,1
graphql-compose/graphql-compose,2018-06-12 12:17:33,0,1
jhen0409/react-native-debugger,2018-01-23 03:22:04,0,1
twolfson/sexy-bash-prompt,2018-02-10 13:01:35,0,1
xdamman/tipbox,2015-01-23 00:00:00,0,1
CaptainFact/captain-fact-frontend,2018-05-31 05:26:13,0,1
docpad/docpad-plugin-associatedfiles,2016-11-12 03:48:22,0,1
fwoelffel/nestjs-starter,2017-05-23 16:28:54,0,1
brianjohnsonsr/nest.ws.tutorial,2017-05-23 16:28:54,0,1
JumpLao/react-boilerplate-antd,2016-05-27 16:37:47,0,1
bevry/meet,2016-11-12 03:48:22,0,1
cryos/avogadro,2017-02-15 11:07:01,0,1
bincrafters/community,2017-12-02 05:13:43,0,1
atomspace/atomspace-calentask,2016-05-21 18:10:43,0,1
wwcodemanila/WWCodeManila-Java,2017-04-17 16:41:00,0,1
opencollective/documentation,2015-12-14 17:09:10,0,1
GDGToulouse/site-devfest-toulouse-2018,2018-01-26 01:38:32,0,1
wwcodemanila/WWCodeManila-Python,2017-04-17 16:41:00,0,1
go-gitea/debian-packaging,2018-05-03 20:57:23,0,1
docpad/docpad-plugin-hogan,2016-11-12 03:48:22,0,1
depjs/dep,2018-05-19 17:18:17,0,1
feathersjs/feathers,2017-06-03 10:14:32,0,1
wizicer/FinancialSupportForOpenSource,2016-04-01 10:34:11,0,1
ahmadawais/hacktoberfest,2017-03-15 14:30:43,0,1
pikapkg/web,2018-01-11 20:29:15,0,1
nFnK/tntsearch-fulltext,2018-07-12 14:13:41,0,1
react-dropzone/react-dropzone,2018-02-26 08:13:39,0,1
WhitestormJS/whs.js,2017-02-10 16:16:55,0,1
bevry/safeps,2016-11-12 03:48:22,0,1
juliatashiro/riot,2017-04-14 10:13:50,0,1
CaptainFact/captain-fact,2018-05-31 05:26:13,0,1
nock/nock,2018-04-27 15:33:16,0,1
ngxs/store,2018-04-07 22:12:47,0,1
ory/keto,2018-04-11 03:08:09,0,1
draftapps/frontend,2016-05-27 16:37:47,0,1
cucumber/cucumber-jvm,2017-06-23 08:25:54,0,1
nestjs/cqrs,2017-05-23 16:28:54,0,1
cucumber/cucumber-archetype,2017-06-23 08:25:54,0,1
lynndylanhurley/devise_token_auth,2018-03-18 15:02:53,0,1
Atyantik/react-pwa,2017-10-17 22:13:38,0,1
reactiveui/Pharmacist,2017-03-21 15:08:37,0,1
Marak/Faker.js,2017-02-22 08:38:55,0,1
freshOS/ws,2017-10-20 10:37:14,0,1
democratech/legislatives.laprimaire.org,2015-12-19 19:00:00,0,1
aksonov/react-native-router-flux,2017-07-11 04:02:22,0,1
joshuamorony/nestjs-mongodb-jwt-auth,2017-05-23 16:28:54,0,1
dbreuer/angular-pwa-workflow,2018-05-21 05:04:36,0,1
docpad/docpad-plugin-stylus,2016-11-12 03:48:22,0,1
Marak/faker.js,2017-02-22 08:38:55,0,1
docpad/docpad-plugin-coffeescript,2016-11-12 03:48:22,0,1
dcarneiro/my-react-boilerplate,2016-05-27 16:37:47,0,1
emotion-js/emotion,2018-08-02 13:31:05,0,1
bevry/domain-browser,2016-11-12 03:48:22,0,1
NaturalIntelligence/fast-xml-parser,2018-02-28 10:12:32,0,1
webpack/webpack-cli,2016-10-15 11:48:09,0,1
docpad/docpad-plugin-autoprefix,2016-11-12 03:48:22,0,1
hibbitts-design/grav-skeleton-workshop-demo-site,2017-02-01 01:23:29,0,1
Level/level-browserify,2018-01-25 10:03:28,0,1
kikeex/GraphQL-Sequelize-Mysql-example,2017-12-02 05:59:33,0,1
ntmuigrid/ntmuigrid,2016-09-15 20:07:15,0,1
verdaccio/readme,2018-05-03 18:26:59,0,1
ahmadarif/medium-nest-app,2017-05-23 16:28:54,0,1
BioJulia/GeneticVariation.jl,2018-02-26 04:51:22,0,1
bevry/kava,2016-11-12 03:48:22,0,1
docpad/website,2016-11-12 03:48:22,0,1
shakacode/react-starter-kit-with-bootstrap-loader,2016-05-21 18:10:43,0,1
bevry/billing,2016-11-12 03:48:22,0,1
colgreen/sharpneat,2018-04-03 18:39:25,0,1
openwhyd/openwhyd-react,2017-05-10 10:35:37,0,1
democratech/pages,2015-12-19 19:00:00,0,1
jhipster/jhipster-artwork,2017-12-04 12:37:57,0,1
thomasjjordan/octobox-notifications,2017-01-16 06:26:19,0,1
romakita/ts-express-decorators,2018-03-14 09:56:31,0,1
docpad/docpad-plugin-move,2016-11-12 03:48:22,0,1
lapwinglabs/x-ray,2017-01-19 18:52:20,0,1
invertase/puppeteer-pool,2017-11-14 09:08:58,0,1
yeoman/yeoman,2015-12-14 17:09:10,0,1
steelbrain/linter,2018-01-12 15:55:37,0,1
ibudisteanu/SkyHub-Frontend-React-Isomorphic,2016-05-21 18:10:43,0,1
Mermade/oas-kit,2018-02-20 11:00:51,0,1
MvvmCross/MvvmCross,2017-04-25 08:51:57,0,1
WebReflection/document-register-element,2018-01-18 19:02:17,0,1
samueleresca/Blog.NestGettingStarted,2017-05-23 16:28:54,0,1
freshOS/then,2017-10-20 10:37:14,0,1
ivpusic/react-native-image-crop-picker,2017-09-27 20:02:41,0,1
docpad/docpad-plugin-eco,2016-11-12 03:48:22,0,1
jamesgeorge007/Skills-Hub,2017-09-11 16:16:12,0,1
Level/leveljs.org,2018-01-25 10:03:28,0,1
SixLabors/ImageSharp,2017-04-10 01:32:51,0,1
bevry/pluginloader,2016-11-12 03:48:22,0,1
ifaim/nestjs-nodemailer,2017-05-23 16:28:54,0,1
bevry/readdir-cluster,2016-11-12 03:48:22,0,1
bevry/eslint-config-bevry,2016-11-12 03:48:22,0,1
verdaccio/verdaccio-google-cloud,2018-05-03 18:26:59,0,1
clojure-emacs/cider,2017-01-06 12:52:08,0,1
silentcicero/react-dapp-boilerplate,2016-05-27 16:37:47,0,1
